{"name": "Temu Business Centre City Of Elmina", "location_category": "Kuala Lumpur/Selangor", "address": "No 5 (Ground Floor), Jalan Eserina AA U16/AA Elmina, East, Seksyen U16, 40150 Shah Alam, Selangor ZUS Coffee \u2013 Temu Business Centre City Of Elmina", "postal_code": "40150", "city": "Shah Alam", "state": "Selangor", "maps_url": "https://maps.app.goo.gl/XduXnuUs4E2a1VE56", "fetched_at": "2025-11-02T09:29:54.317165", "source": "zuscoffee.com"}
{"name": "Spectrum Shopping Mall", "location_category": "Kuala Lumpur/Selangor", "address": "Lot CW-5 Cafe Walk, Ground Floor Spectrum Shopping Mall Jalan Wawasan Ampang, 4, 2, Bandar Baru Ampang, 68000 Ampang, Selangor ZUS Coffee \u2013 Spectrum Shopping Mall", "postal_code": "68000", "city": "Ampang", "state": "Selangor", "maps_url": "https://maps.app.goo.gl/XPhXh6bgSb4pPaSz7", "fetched_at": "2025-11-02T09:29:54.317496", "source": "zuscoffee.com"}
{"name": "Bandar Menjalara", "location_category": "Kuala Lumpur/Selangor", "address": "37, Jalan 3/62a, Bandar Menjalara, 52200 Kuala Lumpur, Wilayah Persekutuan Kuala Lumpur", "postal_code": "52200", "city": "Kuala Lumpur", "state": "Selangor", "maps_url": "https://maps.app.goo.gl/SoxNpkV3iGxmd4Rr7", "fetched_at": "2025-11-02T09:29:54.317671", "source": "zuscoffee.com"}
{"name": "Jabatan Peguam Negara,  Putrajaya", "location_category": "Kuala Lumpur/Selangor", "address": "Bangunan Jabatan Peguam Negara AGC Persint 4, Lot 1, Level 1, Putrajaya 62100 Malaysia", "postal_code": "62100", "city": "Putrajaya", "state": "Selangor", "maps_url": "https://maps.app.goo.gl/3jKWmERn8sC6ek6V7", "fetched_at": "2025-11-02T09:29:54.317832", "source": "zuscoffee.com"}
{"name": "LSH33, Sentul", "location_category": "Kuala Lumpur/Selangor", "address": "G-11, Ground Floor, Laman Seri Harmoni (LSH33), No. 3, Jalan Batu Muda Tambahan 3, Sentul, 51100 Kuala Lumpur, Wilayah Persekutuan Kuala Lumpur", "postal_code": "51100", "city": "Kuala Lumpur", "state": "Selangor", "maps_url": "https://maps.app.goo.gl/U7EbSxGQbjgtU6Qr8", "fetched_at": "2025-11-02T09:29:54.317996", "source": "zuscoffee.com"}
{"name": "Bandar Tun Hussein Onn, Cheras", "location_category": "Kuala Lumpur/Selangor", "address": "No 48A Jalan Suarasa 8/4, Bandar Tun Hussein Onn, 43200 Cheras, Selangor", "postal_code": "43200", "city": null, "state": "Selangor", "maps_url": "https://maps.app.goo.gl/9JbwtcN2q54sBjhk6", "fetched_at": "2025-11-02T09:29:54.318140", "source": "zuscoffee.com"}
{"name": "AEON BiG Wangsa Maju", "location_category": "Kuala Lumpur/Selangor", "address": "Lot F1.11 (First Floor), AEON BiG Wangsa Maju, 6, Jalan 8/27A, Section 5, Wangsa Maju, 53300, Kuala Lumpur, Wilayah Persekutuan", "postal_code": "53300", "city": "Kuala Lumpur", "state": "Selangor", "maps_url": "https://maps.app.goo.gl/nuMteM6vU4YrhtHb9", "fetched_at": "2025-11-02T09:29:54.318289", "source": "zuscoffee.com"}
{"name": "Cheras Business Centre", "location_category": "Kuala Lumpur/Selangor", "address": "No 6 Jalan 5/101C, Cheras Business Centre, 56100 Cheras, Kuala Lumpur ZUS Coffee \u2013 Cheras Business Centre", "postal_code": "56100", "city": "Kuala Lumpur", "state": "Selangor", "maps_url": "https://maps.app.goo.gl/hFRNP2j8XUnkfNEHA", "fetched_at": "2025-11-02T09:29:54.318430", "source": "zuscoffee.com"}
{"name": "Damansara Perdana, Petaling Jaya", "location_category": "Kuala Lumpur/Selangor", "address": "12-1 (Ground floor), Jalan PJU 8/5E, Bandar Damansara Perdana, 47820 Petaling Jaya, Selangor.", "postal_code": "47820", "city": "Petaling Jaya", "state": "Selangor", "maps_url": "https://maps.app.goo.gl/Hj1Gu2MMHGabTZXb9", "fetched_at": "2025-11-02T09:29:54.318572", "source": "zuscoffee.com"}
{"name": "Bandar Damai Perdana, Cheras", "location_category": "Kuala Lumpur/Selangor", "address": "No 19G (Ground floor), Jalan Damai Perdana 1/9b, Bandar Damai Perdana, 56000 Kuala Lumpur, Wilayah Persekutuan Kuala Lumpur", "postal_code": "56000", "city": "Kuala Lumpur", "state": "Selangor", "maps_url": "https://maps.app.goo.gl/qnporqATyiphhS488", "fetched_at": "2025-11-02T09:29:54.318716", "source": "zuscoffee.com"}
{"name": "Desa Pandan, Ampang", "location_category": "Kuala Lumpur/Selangor", "address": "No 35 (Ground Floor), Jalan 3/76D, Desa Pandan, 55100, Kuala Lumpur, Wilayah Persekutuan Kuala Lumpur.", "postal_code": "55100", "city": "Kuala Lumpur", "state": "Selangor", "maps_url": "https://maps.app.goo.gl/ib8foAkecu9ePYRQ8", "fetched_at": "2025-11-02T09:29:54.318848", "source": "zuscoffee.com"}
{"name": "Kenanga Wholesale City, Jalan Gelugor", "location_category": "Kuala Lumpur/Selangor", "address": "G-92 (GF 012.2) & G-93 (GF 012.1), Ground Floor, Kompleks Kenanga Wholesale City, No. 2, Jalan Gelugor, 55200 Kuala Lumpur ZUS Coffee \u2013 Kenanga Wholesale City, Jalan Gelugor", "postal_code": "55200", "city": "Kuala Lumpur", "state": "Selangor", "maps_url": "https://maps.app.goo.gl/YcqBi1cYaSaCHsHJ8", "fetched_at": "2025-11-02T09:29:54.319003", "source": "zuscoffee.com"}
{"name": "Giant Shah Alam Stadium", "location_category": "Kuala Lumpur/Selangor", "address": "A14 \u2013 A16, Ground Floor, Giant Shah Alam Stadium, Persiaran Sukan, Seksyen 13, 40100 Shah Alam, Selangor", "postal_code": "40100", "city": "Shah Alam", "state": "Selangor", "maps_url": "https://maps.app.goo.gl/V6jaEgHy2qcw1DJh6", "fetched_at": "2025-11-02T09:29:58.116183", "source": "zuscoffee.com"}
{"name": "Bintang Fairlane Residence", "location_category": "Kuala Lumpur/Selangor", "address": "B\ufffd0\ufffd1 (Ground Floor), Block B, Retail 1, Bintang Fairlane, NO. 23, Jalan Padang Walter Grenier 55100 Kuala Lumpur", "postal_code": "55100", "city": "Kuala Lumpur", "state": "Selangor", "maps_url": "https://maps.app.goo.gl/mvZdYjtUQedZ75me9", "fetched_at": "2025-11-02T09:29:58.116462", "source": "zuscoffee.com"}
{"name": "Nadayu 801, Taman Subang Murni", "location_category": "Kuala Lumpur/Selangor", "address": "Lot 08, Nadayu 801, Taman Subang Murni, 40150 Shah Alam, Selangor", "postal_code": "40150", "city": "Shah Alam", "state": "Selangor", "maps_url": "https://maps.app.goo.gl/6J4ySUmhzK4ey9dWA", "fetched_at": "2025-11-02T09:29:58.116632", "source": "zuscoffee.com"}
{"name": "MAB Academy Campus Sepang", "location_category": "Kuala Lumpur/Selangor", "address": "Level 1, MAB Academy (MABA Campus) Building, Southern Support Zone KLIA, 64000 Sepang, Selangor", "postal_code": "64000", "city": null, "state": "Selangor", "maps_url": "https://maps.app.goo.gl/mLzPwsEm91VMgbhs7", "fetched_at": "2025-11-02T09:29:58.116758", "source": "zuscoffee.com"}
{"name": "Jalan Berangan, Port Klang", "location_category": "Kuala Lumpur/Selangor", "address": "No 20(GF) Jalan Berangan, 42000 Port Klang, Selangor. ZUS Coffee \u2013 Jalan Berangan, Port Klang", "postal_code": "42000", "city": "Klang", "state": "Selangor", "maps_url": "https://maps.app.goo.gl/JPkqNrEphcnqGZu76", "fetched_at": "2025-11-02T09:29:58.116882", "source": "zuscoffee.com"}
{"name": "Ampang Point", "location_category": "Kuala Lumpur/Selangor", "address": "No 50(GF) Jalan Memanda 9, Selangor. Taman Dato Ahmad Razali, 68000 Ampang, Selangor", "postal_code": "68000", "city": "Ampang", "state": "Selangor", "maps_url": "https://maps.app.goo.gl/EoDEnDH114wWbrLk9", "fetched_at": "2025-11-02T09:29:58.116996", "source": "zuscoffee.com"}
{"name": "Seksyen 3, Bandar Baru Bangi", "location_category": "Kuala Lumpur/Selangor", "address": "47-G, Jalan 3/69, Seksyen 3, 43650 Bandar Baru Bangi, Selangor", "postal_code": "43650", "city": null, "state": "Selangor", "maps_url": "https://maps.app.goo.gl/JCF1Ug6dFCaiiVzS7", "fetched_at": "2025-11-02T09:29:58.117111", "source": "zuscoffee.com"}
{"name": "Seksyen 7, Bandar Baru Bangi", "location_category": "Kuala Lumpur/Selangor", "address": "No.48G (Ground Floor), Jalan 7/7a, Seksyen 7, 43650 Bandar Baru Bangi, Selangor.", "postal_code": "43650", "city": null, "state": "Selangor", "maps_url": "https://maps.app.goo.gl/y6AehkccGpJHt4Fx9", "fetched_at": "2025-11-02T09:29:58.117221", "source": "zuscoffee.com"}
{"name": "Desa Aman Puri, Kepong", "location_category": "Kuala Lumpur/Selangor", "address": "No. 3-15A (GF), Jalan Desa 2/2, Desa Aman Puri, 52100 Kuala Lumpur.", "postal_code": "52100", "city": "Kuala Lumpur", "state": "Selangor", "maps_url": "https://maps.app.goo.gl/gU68hxYf1toPTHoR6", "fetched_at": "2025-11-02T09:29:58.117327", "source": "zuscoffee.com"}
{"name": "M Vertica, Cheras", "location_category": "Kuala Lumpur/Selangor", "address": "No Lot G-10(GF) M Vertica Retail Shop, 555 Jalan Cheras, Taman Pertama, 56000 Kuala Lumpur.", "postal_code": "56000", "city": "Kuala Lumpur", "state": "Selangor", "maps_url": "https://maps.app.goo.gl/gxwDwJLy9CN4eKZS7", "fetched_at": "2025-11-02T09:29:58.117436", "source": "zuscoffee.com"}
{"name": "Pasaraya CS Bangi Avenue", "location_category": "Kuala Lumpur/Selangor", "address": "Kiosk K10 & K11 (Ground Floor), No.1, Persiaran Bangi Avenue, Taman Bangi Avenue, 43000 Kajang, Selangor Darul Ehsan.", "postal_code": "43000", "city": null, "state": "Selangor", "maps_url": "https://maps.app.goo.gl/cVNJDgm78ZcuzQwy8", "fetched_at": "2025-11-02T09:29:58.117686", "source": "zuscoffee.com"}
{"name": "Lorong Pandan Pertama 5, Ampang", "location_category": "Kuala Lumpur/Selangor", "address": "SA-10-G, Lorong Pandan Pertama 5, Taman Pandan Utama, 68000 Ampang Jaya, Selangor", "postal_code": "68000", "city": "Ampang", "state": "Selangor", "maps_url": "https://maps.app.goo.gl/g6F67nL4MK6bNaKg9", "fetched_at": "2025-11-02T09:29:58.117869", "source": "zuscoffee.com"}
{"name": "Edusentral, Setia Alam", "location_category": "Kuala Lumpur/Selangor", "address": "VB-G-07 (Ground Floor), Edu Sentral, Jalan Setia Murni U13/51, Setia Alam Seksyen U13, 40170 Shah Alam, Selangor Darul Ehsan", "postal_code": "40170", "city": "Shah Alam", "state": "Selangor", "maps_url": "https://maps.app.goo.gl/UojmkGDokTKHbgij9", "fetched_at": "2025-11-02T09:30:02.017803", "source": "zuscoffee.com"}
{"name": "Wangsa Walk Mall", "location_category": "Kuala Lumpur/Selangor", "address": "GL-03A & FL-03A and GL-05 & FL-05, BL-03A & BL-05, Wangsa Walk Mall, Wangsa Permai, 53300 Wilayah Persekutuan Kuala Lumpur ZUS Coffee \u2013 Wangsa Walk Mall", "postal_code": "53300", "city": "Kuala Lumpur", "state": "Selangor", "maps_url": "https://maps.app.goo.gl/HWofKJLBZCt23ckZ6", "fetched_at": "2025-11-02T09:30:02.017960", "source": "zuscoffee.com"}
{"name": "Uptown Damansara, Petaling Jaya", "location_category": "Kuala Lumpur/Selangor", "address": "44-G (Ground Floor), JALAN SS21/39, DAMANSARA UTAMA, 47400 PETALING JAYA, SELANGOR", "postal_code": "47400", "city": "Petaling Jaya", "state": "Selangor", "maps_url": "https://maps.app.goo.gl/SGuUWhHHEBNd8mFWA", "fetched_at": "2025-11-02T09:30:02.018085", "source": "zuscoffee.com"}
{"name": "Bangsar Trade Centre", "location_category": "Kuala Lumpur/Selangor", "address": "Lot E-1-2(A), Ground Floor, Tower E, Bangsar Trade Centre. Off Jalan Pantai Baru, 59200 Kuala Lumpur. ZUS Coffee \u2013 Bangsar Trade Centre", "postal_code": "59200", "city": "Kuala Lumpur", "state": "Selangor", "maps_url": "https://maps.app.goo.gl/1QrDViaDCQ7m5Dc58", "fetched_at": "2025-11-02T09:30:02.018206", "source": "zuscoffee.com"}
{"name": "BHPetrol Karak Highway", "location_category": "Kuala Lumpur/Selangor", "address": "Lot 1173, Stesen Minyak BP Lebuhraya Karak Kuala Lumpur, Daerah Gombak, 53000 Kuala Lumpur", "postal_code": "53000", "city": "Kuala Lumpur", "state": "Selangor", "maps_url": "https://maps.app.goo.gl/rrkBGoVKpBATxEt89", "fetched_at": "2025-11-02T09:30:02.018304", "source": "zuscoffee.com"}
{"name": "KL Eco City Mall", "location_category": "Kuala Lumpur/Selangor", "address": "G-12, Ground Floor, KL Eco City Mall, INC, 3, Jalan Bangsar, KL Eco City, 59200 Kuala Lumpur, Federal Territory of Kuala Lumpur ZUS Coffee \u2013 KL Eco City Mall", "postal_code": "59200", "city": "Kuala Lumpur", "state": "Selangor", "maps_url": "https://maps.app.goo.gl/kFzmFBpFo1N9Qyi58", "fetched_at": "2025-11-02T09:30:02.018408", "source": "zuscoffee.com"}
{"name": "Alam Budiman, Shah Alam", "location_category": "Kuala Lumpur/Selangor", "address": "No 53-G, Jalan Pulau Lumut P U10/P, Alam Budiman, Seksyen U10, 40170 Shah Alam, Selangor", "postal_code": "40170", "city": "Shah Alam", "state": "Selangor", "maps_url": "https://maps.app.goo.gl/ffTrhw66NZuooUKS8", "fetched_at": "2025-11-02T09:30:02.018504", "source": "zuscoffee.com"}
{"name": "Elmina Lakeside Mall", "location_category": "Kuala Lumpur/Selangor", "address": "GF-95 & 96, Elmina Lakeside Mall, No.5 & No.7, Persiaran Garcinia, Seksyen U15, 40170 Shah Alam, Selangor Darul Ehsan ZUS Coffee \u2013 Elmina Lakeside Mall", "postal_code": "40170", "city": "Shah Alam", "state": "Selangor", "maps_url": "https://maps.app.goo.gl/R3BUrKfqbMsDcvyD7", "fetched_at": "2025-11-02T09:30:02.018621", "source": "zuscoffee.com"}
{"name": "Pinnacle Sri Petaling Mall", "location_category": "Kuala Lumpur/Selangor", "address": "G-K-01, Ground Floor, Pinnacle Sri Petaling Mall, Jalan Radin Anum 1, Bandar Baru Sri Petaling, 57000 Kuala Lumpur, Malaysia ZUS Coffee \u2013 Pinnacle Sri Petaling Mall", "postal_code": "57000", "city": "Kuala Lumpur", "state": "Selangor", "maps_url": "https://maps.app.goo.gl/NYqx1mry2ZT3v6WL6", "fetched_at": "2025-11-02T09:30:02.018730", "source": "zuscoffee.com"}
{"name": "Dataran Glomac, Kelana Jaya", "location_category": "Kuala Lumpur/Selangor", "address": "C-G-05 (Ground Floor), Jalan SS 6/5b, Dataran Glomac, 47301 Petaling Jaya, Selangor.", "postal_code": "47301", "city": "Petaling Jaya", "state": "Selangor", "maps_url": "https://maps.app.goo.gl/PbdUfc36FVxXzXz76", "fetched_at": "2025-11-02T09:30:02.018824", "source": "zuscoffee.com"}
{"name": "UOA Business Park, Shah Alam", "location_category": "Kuala Lumpur/Selangor", "address": "Unit Lot- 13-03A, Level 1, UOA Business Park, No 1, Jalan Pengatucara U1/51A, Seksyen U1 40150 Selangor Darul Ehsan", "postal_code": "40150", "city": null, "state": "Selangor", "maps_url": "https://maps.app.goo.gl/Pju2yTHLgw6Tqe7P6", "fetched_at": "2025-11-02T09:30:02.018926", "source": "zuscoffee.com"}
{"name": "Atria Shopping Gallery", "location_category": "Kuala Lumpur/Selangor", "address": "Atria Shopping Mall, Kiosk CK9, Concourse Floor, Jalan SS 22/23, Damansara Jaya, 47400 Petaling Jaya, Selangor", "postal_code": "47400", "city": "Petaling Jaya", "state": "Selangor", "maps_url": "https://maps.app.goo.gl/JjyAvXoSL33VPd3p6", "fetched_at": "2025-11-02T09:30:02.019021", "source": "zuscoffee.com"}
{"name": "Lebuh Turi, Klang", "location_category": "Kuala Lumpur/Selangor", "address": "Lot No. 88 (Ground Floor), Lebuh Turi, Taman Chi Liung, 41200 Klang, Selangor", "postal_code": "41200", "city": "Klang", "state": "Selangor", "maps_url": "https://maps.app.goo.gl/cMVfNAymsUxDVHWK6", "fetched_at": "2025-11-02T09:30:05.890442", "source": "zuscoffee.com"}
{"name": "Ground Floor, Menara IQ", "location_category": "Kuala Lumpur/Selangor", "address": "Unit 001, Ground Floor, Menara IQ, TRX 55188 Kuala Lumpur ZUS Coffee \u2013 Ground Floor, Menara IQ", "postal_code": "55188", "city": "Kuala Lumpur", "state": "Selangor", "maps_url": "https://maps.app.goo.gl/BPGx2vU7o7WLXtUs6", "fetched_at": "2025-11-02T09:30:05.890556", "source": "zuscoffee.com"}
{"name": "ZUS, Coffee Meets Pastry \u2013 1 Utama Shopping Centre", "location_category": "Kuala Lumpur/Selangor", "address": "Lot G601A, Ground Floor, 1 Utama Shopping Centre, 1, Lebuh Bandar Utama, Bandar Utama, 47800 Petaling Jaya, Selangor ZUS, Coffee Meets Pastry \u2013 1 Utama Shopping Centre", "postal_code": "47800", "city": "Petaling Jaya", "state": "Selangor", "maps_url": "https://maps.app.goo.gl/Qd3UY7VnZNVdPeQU9", "fetched_at": "2025-11-02T09:30:05.890671", "source": "zuscoffee.com"}
{"name": "Taman Segar Perdana, Cheras", "location_category": "Kuala Lumpur/Selangor", "address": "No 07GF) Jalan Segar Perdana 2, Taman Segar Perdana, 43200 Cheras, Selangor.", "postal_code": "43200", "city": null, "state": "Selangor", "maps_url": "https://maps.app.goo.gl/3ZVWQuWBvvk32DfV8", "fetched_at": "2025-11-02T09:30:05.890771", "source": "zuscoffee.com"}
{"name": "Sabak Bernam", "location_category": "Kuala Lumpur/Selangor", "address": "No.100 (Ground Floor), Jalan Menteri, Pekan Sabak, 45200 Sabak Bernam, Selangor", "postal_code": "45200", "city": null, "state": "Selangor", "maps_url": "https://maps.app.goo.gl/GfSJqhuBsUJbtr5M9", "fetched_at": "2025-11-02T09:30:05.890864", "source": "zuscoffee.com"}
{"name": "Jalan Kebun Nenas, Klang", "location_category": "Kuala Lumpur/Selangor", "address": "No 47-G Jalan Kebun Nenas 7A/KS8, Bandar Putera 2, 41200 Klang, Selangor ZUS Coffee \u2013 Jalan Kebun Nenas, Klang", "postal_code": "41200", "city": "Klang", "state": "Selangor", "maps_url": "https://maps.app.goo.gl/Bvkksy8u6HjkSVRZ7", "fetched_at": "2025-11-02T09:30:05.890976", "source": "zuscoffee.com"}
{"name": "Micasa Shoppes, Jalan Tun Razak", "location_category": "Kuala Lumpur/Selangor", "address": "Lot G.11 & Mezzanine, Micasa Shoppes, 368A, Jln Tun Razak, Taman U Thant, 55000 Kuala Lumpur, Wilayah Persekutuan ZUS Coffee \u2013 Micasa Shoppes, Jalan Tun Razak", "postal_code": "55000", "city": "Kuala Lumpur", "state": "Selangor", "maps_url": "https://maps.app.goo.gl/QEMe5NRA75F4wNDS8", "fetched_at": "2025-11-02T09:30:05.891326", "source": "zuscoffee.com"}
{"name": "Wisma TH Plaza Sentral", "location_category": "Kuala Lumpur/Selangor", "address": "L-01B, Jalan Stesen Sentral 5, Kuala Lumpur Sentral, 50470 Kuala Lumpur ZUS Coffee \u2013 Wisma TH Plaza Sentral", "postal_code": "50470", "city": "Kuala Lumpur", "state": "Selangor", "maps_url": "https://maps.app.goo.gl/6q5uPX6uy64oBC2VA", "fetched_at": "2025-11-02T09:30:05.891455", "source": "zuscoffee.com"}
{"name": "Pertama Complex, Kuala Lumpur", "location_category": "Kuala Lumpur/Selangor", "address": "Kiosk No. 3, Kompleks Pertama, Jalan Tuanku Abdul Rahman, 50100 Kuala Lumpur", "postal_code": "50100", "city": "Kuala Lumpur", "state": "Selangor", "maps_url": "https://maps.app.goo.gl/qaW4ZmnjGioUqLYV8", "fetched_at": "2025-11-02T09:30:05.891577", "source": "zuscoffee.com"}
{"name": "Pekan Kapar, Klang", "location_category": "Kuala Lumpur/Selangor", "address": "No. 228 (Ground Floor), Jalan Besar KU/13, Pekan Kapar, 42200 Kapar, Selangor", "postal_code": "42200", "city": null, "state": "Selangor", "maps_url": "https://maps.app.goo.gl/by7nC4Lsh7aMRusSA", "fetched_at": "2025-11-02T09:30:05.891700", "source": "zuscoffee.com"}
{"name": "Sri Rampai, Setapak", "location_category": "Kuala Lumpur/Selangor", "address": "No.39 (Ground Floor), Jalan 45/26 Taman Sri Rampai, 53300 Kuala Lumpur.", "postal_code": "53300", "city": "Kuala Lumpur", "state": "Selangor", "maps_url": "https://maps.app.goo.gl/UFPhAXiUpmb2v9X57", "fetched_at": "2025-11-02T09:30:09.905295", "source": "zuscoffee.com"}
{"name": "Bloomsvale Shopping Gallery", "location_category": "Kuala Lumpur/Selangor", "address": "G-018, Level Ground Floor, Bloomsvale Shopping Gallery, 137, Jalan Puchong, 58200 Kuala Lumpur, Wilayah Persekutuan Kuala Lumpur", "postal_code": "58200", "city": "Kuala Lumpur", "state": "Selangor", "maps_url": "https://maps.app.goo.gl/uYE7LuvdEp2yugjXA", "fetched_at": "2025-11-02T09:30:09.905641", "source": "zuscoffee.com"}
{"name": "Bandar Mahkota Cheras", "location_category": "Kuala Lumpur/Selangor", "address": "GK-01, BMC Mall. Jalan Temenggung 21/9, Bandar Mahkota Cheras, 43200 Cheras, Selangor.", "postal_code": "43200", "city": null, "state": "Selangor", "maps_url": "https://maps.app.goo.gl/NJcrYqQpzVxSY3R1A", "fetched_at": "2025-11-02T09:30:09.905803", "source": "zuscoffee.com"}
{"name": "KL Traders Square", "location_category": "Kuala Lumpur/Selangor", "address": "51-G, KLTS, NO. 99, JALAN GOMBAK, SETAPAK, 53000, KUALA LUMPUR", "postal_code": "53000", "city": "Kuala Lumpur", "state": "Selangor", "maps_url": "https://maps.app.goo.gl/ovNcaWjp4BCQgJbp7", "fetched_at": "2025-11-02T09:30:09.906030", "source": "zuscoffee.com"}
{"name": "Bandar Kinrara 5, Puchong", "location_category": "Kuala Lumpur/Selangor", "address": "No 10(GF), Jalan BK 5A/2C, Bandar Kinrara 5, 47180 Puchong, Selangor", "postal_code": "47180", "city": "Puchong", "state": "Selangor", "maps_url": "https://maps.app.goo.gl/SFmvcBUEDf4GNZZd8", "fetched_at": "2025-11-02T09:30:09.906200", "source": "zuscoffee.com"}
{"name": "KPJ Kajang Specialist Hospital", "location_category": "Kuala Lumpur/Selangor", "address": "KPJ Kajang Specialist Hospital, Jalan Cheras, Kampung Sungai Kantan, 43000 Kajang, Selangor.", "postal_code": "43000", "city": null, "state": "Selangor", "maps_url": "https://maps.app.goo.gl/cV26tGNhZYm3Jtgm8", "fetched_at": "2025-11-02T09:30:09.906318", "source": "zuscoffee.com"}
{"name": "Kuala Kubu Baru", "location_category": "Kuala Lumpur/Selangor", "address": "No.18(GF), Jalan Mat Kilau, Pekan Kuala Kubu Bharu, 44000 Kuala Kubu Baru, Selangor", "postal_code": "44000", "city": null, "state": "Selangor", "maps_url": "https://maps.app.goo.gl/vfdaNXFcxBcmHrq16", "fetched_at": "2025-11-02T09:30:09.906418", "source": "zuscoffee.com"}
{"name": "Menara Axis, Petaling Jaya", "location_category": "Kuala Lumpur/Selangor", "address": "Grd-05, Ground Floor, Menara Axis, No 2, Jalan 51A/ 223,46100 Petaling Jaya, Selangor", "postal_code": "46100", "city": "Petaling Jaya", "state": "Selangor", "maps_url": "https://maps.app.goo.gl/GLtte1nwwryXQqKC8", "fetched_at": "2025-11-02T09:30:09.906565", "source": "zuscoffee.com"}
{"name": "Central I-City", "location_category": "Kuala Lumpur/Selangor", "address": "Lot L1-10A, Level One, Central I-City, No. 1, Persiaran Multimedia, Seksyen 7, Jalan Plumbum 7/102, I-City, 40000 Shah Alam, Selangor", "postal_code": "40000", "city": "Shah Alam", "state": "Selangor", "maps_url": "https://maps.app.goo.gl/St1WubMeyce9k1Eh9", "fetched_at": "2025-11-02T09:30:09.906717", "source": "zuscoffee.com"}
{"name": "Taman Sri Muda", "location_category": "Kuala Lumpur/Selangor", "address": "No.16-G (Ground Floor), Jalan Murni 25/61, Taman Sri Muda, 40400 Shah Alam, Selangor", "postal_code": "40400", "city": "Shah Alam", "state": "Selangor", "maps_url": "https://maps.app.goo.gl/KJqteAwTt7SUEaik9", "fetched_at": "2025-11-02T09:30:09.906814", "source": "zuscoffee.com"}
{"name": "Alam Avenue 2, Shah Alam Seksyen 16", "location_category": "Kuala Lumpur/Selangor", "address": "C-15-G, Jalan Serai Wangi L 16/L, Seksyen 16, Alam Avenue 2, 40200 Shah Alam, Selangor", "postal_code": "40200", "city": "Shah Alam", "state": "Selangor", "maps_url": "https://maps.app.goo.gl/VweJD4e4SZETjWmD7", "fetched_at": "2025-11-02T09:30:09.906923", "source": "zuscoffee.com"}
{"name": "Kuchai Entrepreneurs Park", "location_category": "Kuala Lumpur/Selangor", "address": "No. 29 (Ground Floor), Jalan 1/116 B, Off, Jalan Kuchai Lama, Kuchai Entrepreneurs Park, 58200 Kuala Lumpur.", "postal_code": "58200", "city": "Kuala Lumpur", "state": "Selangor", "maps_url": "https://maps.app.goo.gl/1DQNDZUjKwhAr89X7", "fetched_at": "2025-11-02T09:30:09.907023", "source": "zuscoffee.com"}
{"name": "Jalil Link 1, Bukit Jalil", "location_category": "Kuala Lumpur/Selangor", "address": "No.20(GF), Jalan Jalil Jaya 2, Jalil Link, Bukit Jalil 57000 WP Kuala Lumpur", "postal_code": "57000", "city": "Kuala Lumpur", "state": "Selangor", "maps_url": "https://maps.app.goo.gl/GgafJATLe1djdh5z5", "fetched_at": "2025-11-02T09:30:15.042643", "source": "zuscoffee.com"}
{"name": "Menara Technip Energies", "location_category": "Kuala Lumpur/Selangor", "address": "Menara Technip Energies, 38, Jalan Inai, Imbi, 55100 Kuala Lumpur, Federal Territory of Kuala Lumpur", "postal_code": "55100", "city": "Kuala Lumpur", "state": "Selangor", "maps_url": "https://maps.app.goo.gl/2qhwJWG5A8jf4poW7", "fetched_at": "2025-11-02T09:30:15.043148", "source": "zuscoffee.com"}
{"name": "Jakel Mall, Kuala Lumpur", "location_category": "Kuala Lumpur/Selangor", "address": "Lot SC.02 & SC.03, Jakel Mall, Lot 159, Jakel Square Off, Jalan Munshi Abdullah, City Centre, 50100 Kuala Lumpur ZUS Coffee \u2013 Jakel Mall, Kuala Lumpur", "postal_code": "50100", "city": "Kuala Lumpur", "state": "Selangor", "maps_url": "https://maps.app.goo.gl/SinZDdy8GsWQohhr6", "fetched_at": "2025-11-02T09:30:15.043447", "source": "zuscoffee.com"}
{"name": "Anggun City, Rawang", "location_category": "Kuala Lumpur/Selangor", "address": "Lot 40-1, Pusat Komersial Anggun City, 1, Jalan Anggun City 1, Taman Anggun, 48000 Rawang, Selangor", "postal_code": "48000", "city": null, "state": "Selangor", "maps_url": "https://maps.app.goo.gl/pNRC9HwFT298kdUaA", "fetched_at": "2025-11-02T09:30:15.043595", "source": "zuscoffee.com"}
{"name": "Olive Business Park, Seri Kembangan", "location_category": "Kuala Lumpur/Selangor", "address": "No 36 (LG), Jalan BS 1/3, Pusat Perdagangan Olive Hill, Taman Bukit Serdang Seksyen 1, 43300 Seri Kembangan, Selangor.", "postal_code": "43300", "city": null, "state": "Selangor", "maps_url": "https://maps.app.goo.gl/ecQ6XHq5W4oN447aA", "fetched_at": "2025-11-02T09:30:15.043739", "source": "zuscoffee.com"}
{"name": "Bukit Tinggi 1", "location_category": "Kuala Lumpur/Selangor", "address": "No.26-G, Lorong Batu Nilam 3a, Bandar Bukit Tinggi 41200 Klang", "postal_code": "41200", "city": "Klang", "state": "Selangor", "maps_url": "https://maps.app.goo.gl/zM1roarwqnoHVk7YA", "fetched_at": "2025-11-02T09:30:15.043857", "source": "zuscoffee.com"}
{"name": "CALTEX Eco Ardence", "location_category": "Kuala Lumpur/Selangor", "address": "No. 2, Jalan Eco Ardence U12/36, Seksyen U12 40170, Shah Alam, Selangor", "postal_code": "40170", "city": "Shah Alam", "state": "Selangor", "maps_url": "https://maps.app.goo.gl/kZxYiKdfidnaDftEA", "fetched_at": "2025-11-02T09:30:15.043985", "source": "zuscoffee.com"}
{"name": "Jalan Seri Mas 1, Hulu Langat", "location_category": "Kuala Lumpur/Selangor", "address": "No.33 (Ground Floor), Jalan Seri Mas 1, Taman Seri Emas, 43100 Hulu Langat, Selangor. ZUS Coffee \u2013 Jalan Seri Mas 1, Hulu Langat", "postal_code": "43100", "city": null, "state": "Selangor", "maps_url": "https://maps.app.goo.gl/zGHiZHjhXuJDtNvo6", "fetched_at": "2025-11-02T09:30:15.044125", "source": "zuscoffee.com"}
{"name": "Pekan Semenyih", "location_category": "Kuala Lumpur/Selangor", "address": "No.40 (Ground Floor), Jalan Pasar Baru, Pekan Semenyih, 43500 Semenyih, Selangor.", "postal_code": "43500", "city": null, "state": "Selangor", "maps_url": "https://maps.app.goo.gl/mT7LLGgzhHkHxAUbA", "fetched_at": "2025-11-02T09:30:15.044239", "source": "zuscoffee.com"}
{"name": "Solaris Mont Kiara", "location_category": "Kuala Lumpur/Selangor", "address": "Lot K-OG-14, Soho KL Mont Kiara, No. 2, Jalan Solaris, Solaris Mont Kiara, 50480, Wilayah Persekutuan Kuala Lumpur", "postal_code": "50480", "city": "Kuala Lumpur", "state": "Selangor", "maps_url": "https://maps.app.goo.gl/Nc3SFsKZyhSSgaaF8", "fetched_at": "2025-11-02T09:30:15.044366", "source": "zuscoffee.com"}
{"name": "Monash University Malaysia", "location_category": "Kuala Lumpur/Selangor", "address": "3124C, Lepak Place, Monash University Malaysia, Jalan Lagoon Selatan, 47500 Bandar Sunway, Selangor Darul Ehsan", "postal_code": "47500", "city": null, "state": "Selangor", "maps_url": "https://maps.app.goo.gl/yiZH7dYYP8vJFZsi7", "fetched_at": "2025-11-02T09:30:15.044610", "source": "zuscoffee.com"}
{"name": "Semua House", "location_category": "Kuala Lumpur/Selangor", "address": "GF.04, Ground Floor, Semua House, Jalan Bunus 6, City Centre, 50100 Kuala Lumpur, Wilayah Persekutuan Kuala Lumpur", "postal_code": "50100", "city": "Kuala Lumpur", "state": "Selangor", "maps_url": "https://maps.app.goo.gl/cyFk3f3wuVoRiVCi8", "fetched_at": "2025-11-02T09:30:19.113635", "source": "zuscoffee.com"}
{"name": "Southville City", "location_category": "Kuala Lumpur/Selangor", "address": "A\ufffdG\ufffd09 (Ground Floor), Savanna Lifestyle Retail Jalan BBLS 2, Bandar Baru Lembah Selatan, 43800 Dengkil, Selangor", "postal_code": "43800", "city": null, "state": "Selangor", "maps_url": "https://maps.app.goo.gl/D4ZHpH55QcfbryDy5", "fetched_at": "2025-11-02T09:30:19.113958", "source": "zuscoffee.com"}
{"name": "Sekinchan", "location_category": "Kuala Lumpur/Selangor", "address": "No.15 (Ground Floor), Jalan Peria, Pekan Sekinchan, 45400 Sekinchan, Selangor", "postal_code": "45400", "city": null, "state": "Selangor", "maps_url": "https://maps.app.goo.gl/wFX1izTnAqp11QqQ7", "fetched_at": "2025-11-02T09:30:19.114192", "source": "zuscoffee.com"}
{"name": "Kompleks PKNS Shah Alam", "location_category": "Kuala Lumpur/Selangor", "address": "Lot G-6 (Ground Floor), Kompleks PKNS Shah Alam, Persiaran Tasik, Seksyen 14, 40000 Shah Alam, Selangor", "postal_code": "40000", "city": "Shah Alam", "state": "Selangor", "maps_url": "https://maps.app.goo.gl/11uRprMV9ixudpHT8", "fetched_at": "2025-11-02T09:30:19.114354", "source": "zuscoffee.com"}
{"name": "Shah Alam Seksyen 18", "location_category": "Kuala Lumpur/Selangor", "address": "15G (Ground Floor), Jalan Pinang B 18/B, Seksyen 18, 40200 Shah Alam, Selangor", "postal_code": "40200", "city": "Shah Alam", "state": "Selangor", "maps_url": "https://maps.app.goo.gl/tV4tVt5hoCqVVS7d6", "fetched_at": "2025-11-02T09:30:19.114501", "source": "zuscoffee.com"}
{"name": "SAMA Square", "location_category": "Kuala Lumpur/Selangor", "address": "G-02 & 02(E), Ground Floor, Same Square, Jalan 1/23c, Kampung Baru Air Panas, 53200 Kuala Lumpur, Wilayah Persekutuan Kuala Lumpur.", "postal_code": "53200", "city": "Kuala Lumpur", "state": "Selangor", "maps_url": "https://maps.app.goo.gl/EzptbL3cArET9Nw1A", "fetched_at": "2025-11-02T09:30:19.114649", "source": "zuscoffee.com"}
{"name": "GM Klang", "location_category": "Kuala Lumpur/Selangor", "address": "A-G-13, Ground Floor, Wholesale City Gm Klang, Jalan Kasuarina 1, Bandar Botanik, 41200 Klang, Selangor", "postal_code": "41200", "city": "Klang", "state": "Selangor", "maps_url": "https://maps.app.goo.gl/KpWWdYpXUwHVqHk9A", "fetched_at": "2025-11-02T09:30:19.114779", "source": "zuscoffee.com"}
{"name": "Prima Saujana, Kajang", "location_category": "Kuala Lumpur/Selangor", "address": "No.20 (GF), Jalan Prima Saujana 1/1A, Prima Saujana 43000 Kajang Selangor.", "postal_code": "43000", "city": null, "state": "Selangor", "maps_url": "https://maps.app.goo.gl/eEyMwE9Vq4HixWfL6", "fetched_at": "2025-11-02T09:30:19.114911", "source": "zuscoffee.com"}
{"name": "AEON Mall Bukit Tinggi", "location_category": "Kuala Lumpur/Selangor", "address": "Lot F26, AEON Bukit Tinggi Shopping Centre, 1, Persiaran Batu Nilam 1, KS6, 41200, Selangor ZUS Coffee \u2013 AEON Mall Bukit Tinggi", "postal_code": "41200", "city": null, "state": "Selangor", "maps_url": "https://maps.app.goo.gl/ciHTbpy7nFNH1xbQA", "fetched_at": "2025-11-02T09:30:19.115060", "source": "zuscoffee.com"}
{"name": "Shah Alam Seksyen 20", "location_category": "Kuala Lumpur/Selangor", "address": "No 18, Jalan Singa D 20/D, Seksyen 20, 40300 Shah Alam, Selangor", "postal_code": "40300", "city": "Shah Alam", "state": "Selangor", "maps_url": "https://maps.app.goo.gl/NJWvjTigi6rz1STG7", "fetched_at": "2025-11-02T09:30:19.115190", "source": "zuscoffee.com"}
{"name": "You City III Cheras", "location_category": "Kuala Lumpur/Selangor", "address": "Lot no G-AP-8, Jalan Persiaran You City,Taman Suntex, 43200 Cheras, Selangor", "postal_code": "43200", "city": null, "state": "Selangor", "maps_url": "https://maps.app.goo.gl/MKWRhERopFZX9iwV8", "fetched_at": "2025-11-02T09:30:19.115338", "source": "zuscoffee.com"}
{"name": "Menara UOA Bangsar", "location_category": "Kuala Lumpur/Selangor", "address": "Lot LGF-8, Lower Ground Floor, 5, Jalan Bangsar Utama 1, Bangsar, 59000 Kuala Lumpur, Wilayah Persekutuan Kuala Lumpur", "postal_code": "59000", "city": "Kuala Lumpur", "state": "Selangor", "maps_url": "https://maps.app.goo.gl/9GFMf9ozWFEwVB3Q6", "fetched_at": "2025-11-02T09:30:19.115471", "source": "zuscoffee.com"}
{"name": "TTDI Jaya, Shah Alam", "location_category": "Kuala Lumpur/Selangor", "address": "No.33 (Ground Floor), Jalan Opera F U2/F, Taman TTDI Jaya, Seksyen U2, 40150 Shah Alam.", "postal_code": "40150", "city": "Shah Alam", "state": "Selangor", "maps_url": "https://maps.app.goo.gl/y6JS8BiUbaStYPDPA", "fetched_at": "2025-11-02T09:30:23.226760", "source": "zuscoffee.com"}
{"name": "Citta Mall", "location_category": "Kuala Lumpur/Selangor", "address": "G-48 7 G-48A, Ground Floor, Citta Mall, 1, Jalan PJU 1a/48, Ara Damansara, 47301 Petaling Jaya, Selangor ZUS Coffee \u2013 Citta Mall", "postal_code": "47301", "city": "Petaling Jaya", "state": "Selangor", "maps_url": "https://maps.app.goo.gl/AGW7mvcrQhFBKF2S6", "fetched_at": "2025-11-02T09:30:23.226964", "source": "zuscoffee.com"}
{"name": "Cubic Botanical, Pantai Dalam", "location_category": "Kuala Lumpur/Selangor", "address": "No. R2-1 (Lower Ground Floor), Residensi Rimba Pantai Dalam, No. 6, Jalan Pantai Sentral 3, Pantai Dalam, 59200 Kuala Lumpur", "postal_code": "59200", "city": "Kuala Lumpur", "state": "Selangor", "maps_url": "https://maps.app.goo.gl/2CFVnP1RUU76rsmZ8", "fetched_at": "2025-11-02T09:30:23.227142", "source": "zuscoffee.com"}
{"name": "TTDI Grove Kajang", "location_category": "Kuala Lumpur/Selangor", "address": "No. 26, JALAN TTDI GROVE 1/1, 43000 KAJANG, SELANGOR", "postal_code": "43000", "city": null, "state": "Selangor", "maps_url": "https://maps.app.goo.gl/9RQRxmiGig3X6BXF9", "fetched_at": "2025-11-02T09:30:23.227291", "source": "zuscoffee.com"}
{"name": "Jenjarom", "location_category": "Kuala Lumpur/Selangor", "address": "No. 37 (Ground Floor), Jalan 2/1, Taman Seri Jaromas, 42600 Jenjarom", "postal_code": "42600", "city": null, "state": "Selangor", "maps_url": "https://maps.app.goo.gl/jij7okFL6ZQ6oDj38", "fetched_at": "2025-11-02T09:30:23.227427", "source": "zuscoffee.com"}
{"name": "Suasana PjH Presint 2", "location_category": "Kuala Lumpur/Selangor", "address": "Unit A-G-R10 & A-G-R11, Block A, Suasana PjH, Jalan Tun Abdul Razak, Presint 2, 62100 Putrajaya", "postal_code": "62100", "city": "Putrajaya", "state": "Selangor", "maps_url": "https://maps.app.goo.gl/KuSAsowCiPCM3ZaY7", "fetched_at": "2025-11-02T09:30:23.227561", "source": "zuscoffee.com"}
{"name": "Plaza Low yat", "location_category": "Kuala Lumpur/Selangor", "address": "Plaza Low Yat, Lot LG-04 & 05, Lower Ground Floor, 7, Jalan Bintang, Bukit Bintang, 55100 Kuala Lumpur, Wilayah Persekutuan Kuala Lumpur ZUS Coffee \u2013 Plaza Low yat", "postal_code": "55100", "city": "Kuala Lumpur", "state": "Selangor", "maps_url": "https://maps.app.goo.gl/hP7wXLwkdTDEP9Jk8", "fetched_at": "2025-11-02T09:30:23.227750", "source": "zuscoffee.com"}
{"name": "Selera Putra, Souq Putrajaya", "location_category": "Kuala Lumpur/Selangor", "address": "Lot G-005, Selera Putra, Souq Putrajaya, Presint 1, 62000 Putrajaya", "postal_code": "62000", "city": "Putrajaya", "state": "Selangor", "maps_url": "https://maps.app.goo.gl/u8mwJJX78gsH9Cd66", "fetched_at": "2025-11-02T09:30:23.227883", "source": "zuscoffee.com"}
{"name": "Plaza Shah Alam", "location_category": "Kuala Lumpur/Selangor", "address": "S19, Second Floor, Jalan Tengku Ampuan Zabedah E 9/E, Seksyen 9, 40100 Shah Alam, Selangor ZUS Coffee \u2013 Plaza Shah Alam", "postal_code": "40100", "city": "Shah Alam", "state": "Selangor", "maps_url": "https://maps.app.goo.gl/jmCaSVSHEAZX1uCPA", "fetched_at": "2025-11-02T09:30:23.228013", "source": "zuscoffee.com"}
{"name": "Vista Bangi, Jalan Reko", "location_category": "Kuala Lumpur/Selangor", "address": "1-06 (Ground Floor) Vista Bangi, Jalan Reko, 43000 Kajang, Selangor. ZUS Coffee \u2013 Vista Bangi, Jalan Reko", "postal_code": "43000", "city": null, "state": "Selangor", "maps_url": "https://maps.app.goo.gl/cjtSfXE8JLt3kB6K6", "fetched_at": "2025-11-02T09:30:23.228156", "source": "zuscoffee.com"}
{"name": "Kipmall Bangi", "location_category": "Kuala Lumpur/Selangor", "address": "1K-03A, Level 1, No. 1 Jalan Medan Bangi Business Park Bangi Golf Resort) Off, Persiaran Kemajuan, Seksyen 6, 43650 Bandar Baru Bangi, Selangor", "postal_code": "43650", "city": null, "state": "Selangor", "maps_url": "https://maps.app.goo.gl/uR1tJeAs3S9T1Hgy5", "fetched_at": "2025-11-02T09:30:23.228305", "source": "zuscoffee.com"}
{"name": "Universiti Malaya Centre for Continuing Education", "location_category": "Kuala Lumpur/Selangor", "address": "VIP Dining, Cyberview 23, Jalan Teknokrat 3, Cyber 4, 63000 Cyberjaya, Selangor ZUS Coffee \u2013 Universiti Malaya Centre for Continuing Education", "postal_code": "63000", "city": "Cyberjaya", "state": "Selangor", "maps_url": "https://maps.app.goo.gl/r9fWQegqWYNN5YGh9", "fetched_at": "2025-11-02T09:30:23.228462", "source": "zuscoffee.com"}
{"name": "Ready-To Zus \u2013 Holiday Inn Express Hotel KL", "location_category": "Kuala Lumpur/Selangor", "address": "Lot G01, Ground Floor, 84, Jalan Raja Chulan, Kuala Lumpur, 50200 Kuala Lumpur, Wilayah Persekutuan Kuala Lumpur", "postal_code": "50200", "city": "Kuala Lumpur", "state": "Selangor", "maps_url": "https://maps.app.goo.gl/tTGVQUum8VZxHCiDA", "fetched_at": "2025-11-02T09:30:27.468665", "source": "zuscoffee.com"}
{"name": "MSU Medical Centre", "location_category": "Kuala Lumpur/Selangor", "address": "Lot A01 (Ground Floor), MSU Medical Centre, University Drive, Off Persiaran Olahraga, Seksyen 13, 40100 Shah Alam, Selangor. ZUS Coffee \u2013 MSU Medical Centre", "postal_code": "40100", "city": "Shah Alam", "state": "Selangor", "maps_url": "https://maps.app.goo.gl/jqLkNUJLJTSDrwiv5", "fetched_at": "2025-11-02T09:30:27.468873", "source": "zuscoffee.com"}
{"name": "Bandar Teknologi Kajang", "location_category": "Kuala Lumpur/Selangor", "address": "No. G-8 (Ground Floor), Jalan 1/2, HILLPARK RESIDENCE, Seksyen 1 Bandar Teknologi Kajang, 43500 Semenyih, Selangor", "postal_code": "43500", "city": null, "state": "Selangor", "maps_url": "https://maps.app.goo.gl/9cNsY6ftsn1d5rgx9", "fetched_at": "2025-11-02T09:30:27.469029", "source": "zuscoffee.com"}
{"name": "Menara VSQ Petaling Jaya", "location_category": "Kuala Lumpur/Selangor", "address": "B03, Ground Floor, VSQ@PJ City Centre, Jalan Utara, 46200 Petaling Jaya, Selangor", "postal_code": "46200", "city": "Petaling Jaya", "state": "Selangor", "maps_url": "https://maps.app.goo.gl/PAvN2P4C7TSVRLiH9", "fetched_at": "2025-11-02T09:30:27.469177", "source": "zuscoffee.com"}
{"name": "Damansara Damai", "location_category": "Kuala Lumpur/Selangor", "address": "L-013 (Ground Floor), Vista Shop, Jalan PJU 10/2A, Damansara Damai,47830 Petaling Jaya, Selangor", "postal_code": "47830", "city": "Petaling Jaya", "state": "Selangor", "maps_url": "https://maps.app.goo.gl/x3vfoWpBpRLG9K327", "fetched_at": "2025-11-02T09:30:27.469321", "source": "zuscoffee.com"}
{"name": "AEON Mall Cheras Selatan", "location_category": "Kuala Lumpur/Selangor", "address": "KF3 & KF5, First Floor, Aeon Mall Cheras,\ufffdSelatan, Jalan Cheras Perdana Cheras, 43200,\ufffdBalakong, Selangor ZUS Coffee \u2013 AEON Mall Cheras Selatan", "postal_code": "43200", "city": null, "state": "Selangor", "maps_url": "https://maps.app.goo.gl/UrdwdN3cYSCCSuqB7", "fetched_at": "2025-11-02T09:30:27.469481", "source": "zuscoffee.com"}
{"name": "Setia Prima, Setia Alam", "location_category": "Kuala Lumpur/Selangor", "address": "8-1-2 (Ground Floor), Jalan Setia Prima P U13/P, Setia Alam, 40170 Shah Alam, Selangor", "postal_code": "40170", "city": "Shah Alam", "state": "Selangor", "maps_url": "https://maps.app.goo.gl/1i1djZnUqsuTjtip7", "fetched_at": "2025-11-02T09:30:27.469619", "source": "zuscoffee.com"}
{"name": "The Glenz @Glenmarie", "location_category": "Kuala Lumpur/Selangor", "address": "G-3B (Ground Floor), Subplace Boulevard Pusat Kormersil Vestland, No.6, Jalan Juruanalisis U1/35, Seksyen U1, 40150 Shah Alam, Selangor Darul Ehsan", "postal_code": "40150", "city": "Shah Alam", "state": "Selangor", "maps_url": "https://maps.app.goo.gl/qyNRDn9vdyN7ebpa9", "fetched_at": "2025-11-02T09:30:27.469778", "source": "zuscoffee.com"}
{"name": "Puchong Utama", "location_category": "Kuala Lumpur/Selangor", "address": "A-G-9 (Ground Floor), Block A, Dataran Puchong, Jalan PU 7/1, Taman Puchong Utama, 47140 Puchong, Selangor", "postal_code": "47140", "city": "Puchong", "state": "Selangor", "maps_url": "https://maps.app.goo.gl/JFR4PpoU3195PJiQ7", "fetched_at": "2025-11-02T09:30:27.469929", "source": "zuscoffee.com"}
{"name": "Sunway Pyramid", "location_category": "Kuala Lumpur/Selangor", "address": "Lot LG2.37, Level LG2, Sunway Pyramid, 3, Jalan PJS 11/15, Bandar Sunway, 47500 Petaling Jaya, Selangor", "postal_code": "47500", "city": "Petaling Jaya", "state": "Selangor", "maps_url": "https://maps.app.goo.gl/gEZekwMHNSMr48rM8", "fetched_at": "2025-11-02T09:30:27.470082", "source": "zuscoffee.com"}
{"name": "Setapak Central Mall", "location_category": "Kuala Lumpur/Selangor", "address": "GK-08, Ground Floor, 67, Jln Taman Ibu Kota, Taman Danau Kota, 53300 Kuala Lumpur, Wilayah Persekutuan ZUS Coffee \u2013 Setapak Central Mall", "postal_code": "53300", "city": "Kuala Lumpur", "state": "Selangor", "maps_url": "https://maps.app.goo.gl/Bm11m4TsgbU4vHuN7", "fetched_at": "2025-11-02T09:30:27.470234", "source": "zuscoffee.com"}
{"name": "The Exchange TRX", "location_category": "Kuala Lumpur/Selangor", "address": "Lot C.98.0, The Exchange TRX, Persiaran TRX, Tun Razak Exchange, 55188 Kuala Lumpur, Wilayah Persekutuan", "postal_code": "55188", "city": "Kuala Lumpur", "state": "Selangor", "maps_url": "https://maps.app.goo.gl/dF2G1ifX7ZNim34X9", "fetched_at": "2025-11-02T09:30:27.470370", "source": "zuscoffee.com"}
{"name": "Taman Sri Manja", "location_category": "Kuala Lumpur/Selangor", "address": "No.25, Jalan PJS 3/46, Taman Sri Manja, 46000 Petaling Jaya", "postal_code": "46000", "city": "Petaling Jaya", "state": "Selangor", "maps_url": "https://maps.app.goo.gl/NC5h4Ka5GpkNqZXv7", "fetched_at": "2025-11-02T09:30:31.621808", "source": "zuscoffee.com"}
{"name": "Eco Grandeur", "location_category": "Kuala Lumpur/Selangor", "address": "No 18-G (Ground Floor), Jalan Eco Grandeur 1/9A, Eco Granduer, 42300, Bandar Puncak Alam, Selangor", "postal_code": "42300", "city": null, "state": "Selangor", "maps_url": "https://maps.app.goo.gl/Ri16uBrxZcHrzipp6", "fetched_at": "2025-11-02T09:30:31.621988", "source": "zuscoffee.com"}
{"name": "Jaya Shopping Centre", "location_category": "Kuala Lumpur/Selangor", "address": "Lot G-01, Jaya Shopping Centre, Jalan 14/17, Seksyen 14, 46100 Petaling Jaya, Selangor ZUS Coffee \u2013 Jaya Shopping Centre", "postal_code": "46100", "city": "Petaling Jaya", "state": "Selangor", "maps_url": "https://maps.app.goo.gl/PPdekSrAX9qRBJPaA", "fetched_at": "2025-11-02T09:30:31.622148", "source": "zuscoffee.com"}
{"name": "Eco Majestic Semenyih", "location_category": "Kuala Lumpur/Selangor", "address": "Lot 47-1, Jalan Eco Majestic 10/1A, 43500 Semenyih, Selangor.", "postal_code": "43500", "city": null, "state": "Selangor", "maps_url": "https://maps.app.goo.gl/5do85BzjhSHZQqGd8", "fetched_at": "2025-11-02T09:30:31.622284", "source": "zuscoffee.com"}
{"name": "Gateway@KLIA2 (Departure Hall, Level 3)", "location_category": "Kuala Lumpur/Selangor", "address": "Lot L3-44A, Level 3, gateway@KLIA2, Lbh KLIA, 43900 KLIA, Selangor ZUS Coffee \u2013 Gateway@KLIA2 (Departure Hall, Level 3)", "postal_code": "43900", "city": null, "state": "Selangor", "maps_url": "https://maps.app.goo.gl/zokxx7yUmHcStc978", "fetched_at": "2025-11-02T09:30:31.622439", "source": "zuscoffee.com"}
{"name": "Gateway@KLIA2 (Arrival Hall, Level 2)", "location_category": "Kuala Lumpur/Selangor", "address": "Lot No. L2-90B, Level 2, gateway@KLIA2, Lbh KLIA, 43900 Klia, Selangor ZUS Coffee \u2013 Gateway@KLIA2 (Arrival Hall, Level 2)", "postal_code": "43900", "city": null, "state": "Selangor", "maps_url": "https://maps.app.goo.gl/ix7SbeVWTn9Ya3JS7", "fetched_at": "2025-11-02T09:30:31.622597", "source": "zuscoffee.com"}
{"name": "Taipan USJ", "location_category": "Kuala Lumpur/Selangor", "address": "No. 9 (Ground Floor), Jalan USJ 10/1E, Taipan Business Centre, 47620, Subang Jaya, Selangor", "postal_code": "47620", "city": "Subang Jaya", "state": "Selangor", "maps_url": "https://maps.app.goo.gl/ypaC1vcYetCYs3aV8", "fetched_at": "2025-11-02T09:30:31.622727", "source": "zuscoffee.com"}
{"name": "Sunway Velocity Mall", "location_category": "Kuala Lumpur/Selangor", "address": "Lot 1-22, First Floor, Lingkaran SV2, Sunway Velocity Mall, 55100 Kuala Lumpur, Wilayah Persekutuan Kuala Lumpur ZUS Coffee \u2013 Sunway Velocity Mall", "postal_code": "55100", "city": "Kuala Lumpur", "state": "Selangor", "maps_url": "https://maps.app.goo.gl/tSr4cVgTudc9g7RKA", "fetched_at": "2025-11-02T09:30:31.622878", "source": "zuscoffee.com"}
{"name": "Sapura Lot 91 KLCC", "location_category": "Kuala Lumpur/Selangor", "address": "Lot C-17, Level Concourse, Permata Sapura, Kuala Lumpur City Centre, 50088 Kuala Lumpur. ZUS Coffee \u2013 Sapura Lot 91 KLCC", "postal_code": "50088", "city": "Kuala Lumpur", "state": "Selangor", "maps_url": "https://maps.app.goo.gl/7jfFcmfhtje1aJWr8", "fetched_at": "2025-11-02T09:30:31.623011", "source": "zuscoffee.com"}
{"name": "Taman Myra Meranti, Puchong", "location_category": "Kuala Lumpur/Selangor", "address": "No. 8A (Ground Floor), Jalan MM4, Taman Myra Meranti, 47120 Puchong, Selangor Darul Ehsan", "postal_code": "47120", "city": "Puchong", "state": "Selangor", "maps_url": "https://maps.app.goo.gl/T2FaCc1iy6ptTeor8", "fetched_at": "2025-11-02T09:30:31.623151", "source": "zuscoffee.com"}
{"name": "OUG Parklane", "location_category": "Kuala Lumpur/Selangor", "address": "A1-0-12 (Ground Floor), OUG Parklane, Jalan 1/152, Taman OUG Parklane, 58200 Kuala Lumpur", "postal_code": "58200", "city": "Kuala Lumpur", "state": "Selangor", "maps_url": "https://maps.app.goo.gl/W24LoGds3JoiD3m37", "fetched_at": "2025-11-02T09:30:31.623378", "source": "zuscoffee.com"}
{"name": "Centro Mall", "location_category": "Kuala Lumpur/Selangor", "address": "Lot GK105, Ground Floor, Centro Mall, 8, Jalan Batu Tiga Lama, Kawasan 16, 41300 Klang, Selangor ZUS Coffee \u2013 Centro Mall", "postal_code": "41300", "city": "Klang", "state": "Selangor", "maps_url": "https://maps.app.goo.gl/PNyXbe5UZ439yJQj9", "fetched_at": "2025-11-02T09:30:31.623621", "source": "zuscoffee.com"}
{"name": "Lotus\u2019s Klang", "location_category": "Kuala Lumpur/Selangor", "address": "Lot GK14. KS 6, 3, Jalan Batu Nilam 6, Bandar Bukit Tinggi 1, 41200 Klang, Selangor. ZUS Coffee \u2013 Lotus\u2019s Klang", "postal_code": "41200", "city": "Klang", "state": "Selangor", "maps_url": "https://maps.app.goo.gl/6rScsK1tKDm6Mcac6", "fetched_at": "2025-11-02T09:30:36.087541", "source": "zuscoffee.com"}
{"name": "Pavilion Damansara Heights", "location_category": "Kuala Lumpur/Selangor", "address": "Lot 2.13.01. Level 2. No. 3, Jalan Damanlela, Pavilion Damansara Heights 50490 Kuala Lumpur.", "postal_code": "50490", "city": "Kuala Lumpur", "state": "Selangor", "maps_url": "https://maps.app.goo.gl/TqbHh3pMfNtRj4ht9", "fetched_at": "2025-11-02T09:30:36.087705", "source": "zuscoffee.com"}
{"name": "Shaftsbury Square", "location_category": "Kuala Lumpur/Selangor", "address": "Level P1-23, Lot 2350, Shaftsbury Square, Cyber 6, 63000 Cyberjaya, Selangor", "postal_code": "63000", "city": "Cyberjaya", "state": "Selangor", "maps_url": "https://maps.app.goo.gl/rEPRLDbi6WzySivA6", "fetched_at": "2025-11-02T09:30:36.087842", "source": "zuscoffee.com"}
{"name": "SS2", "location_category": "Kuala Lumpur/Selangor", "address": "No.5, Jalan SS2/67, SS2, 47300 Petaling Jaya, Selangor", "postal_code": "47300", "city": "Petaling Jaya", "state": "Selangor", "maps_url": "https://maps.app.goo.gl/bWF7JyTj4fsrvduv8", "fetched_at": "2025-11-02T09:30:36.087968", "source": "zuscoffee.com"}
{"name": "Sunway Velocity Two", "location_category": "Kuala Lumpur/Selangor", "address": "Lot VS1-G-01, Sunway Velocity Two, Jalan Peel, Seksyen 90, 55100 Wilayah Persekutuan Kuala Lumpur.", "postal_code": "55100", "city": "Kuala Lumpur", "state": "Selangor", "maps_url": "https://maps.app.goo.gl/cpAihjdHZWuwS8fg8", "fetched_at": "2025-11-02T09:30:36.088114", "source": "zuscoffee.com"}
{"name": "Kidzania Kuala Lumpur", "location_category": "Kuala Lumpur/Selangor", "address": "Curve NX, Jalan PJU 7/5, Mutiara, Damansara 47810 Petaling Jaya, Selangor", "postal_code": "47810", "city": "Petaling Jaya", "state": "Selangor", "maps_url": "https://maps.app.goo.gl/y8ftJcN4VPpD37U8A", "fetched_at": "2025-11-02T09:30:36.088255", "source": "zuscoffee.com"}
{"name": "Seventeen Mall", "location_category": "Kuala Lumpur/Selangor", "address": "998, Jalan 17/38, Seksyen 17, 46400 Petaling Jaya, Selangor ZUS Coffee \u2013 Seventeen Mall", "postal_code": "46400", "city": "Petaling Jaya", "state": "Selangor", "maps_url": "https://maps.app.goo.gl/wg2ZfHJZQJP5gcnm7", "fetched_at": "2025-11-02T09:30:36.088388", "source": "zuscoffee.com"}
{"name": "Cybersouth Dengkil", "location_category": "Kuala Lumpur/Selangor", "address": "No 35-G, Jalan PP 1/1, Park Place 1, Cybersouth, 43800 Dengkil, Selangor", "postal_code": "43800", "city": null, "state": "Selangor", "maps_url": "https://maps.app.goo.gl/KJGBzSUYVHKFyxTs6", "fetched_at": "2025-11-02T09:30:36.088658", "source": "zuscoffee.com"}
{"name": "UCSI University KL", "location_category": "Kuala Lumpur/Selangor", "address": "Lot 6, Block G, Ground Floor, UCSI University, No. 1, Jalan Menara Gading, UCSI Heights (Taman Connaught), 56000 Cheras, Kuala Lumpur.", "postal_code": "56000", "city": "Kuala Lumpur", "state": "Selangor", "maps_url": "https://maps.app.goo.gl/8nSgs6vCWKjW4MCR8", "fetched_at": "2025-11-02T09:30:36.088796", "source": "zuscoffee.com"}
{"name": "Avenue K", "location_category": "Kuala Lumpur/Selangor", "address": "Lot C-6, Level Concourse, Avenue K, 156 Jalan Ampang, 50450 Kuala Lumpur.", "postal_code": "50450", "city": "Kuala Lumpur", "state": "Selangor", "maps_url": "https://maps.app.goo.gl/m5H6LUwbe4C68hQX9", "fetched_at": "2025-11-02T09:30:36.088916", "source": "zuscoffee.com"}
{"name": "Centrepoint Bandar Utama", "location_category": "Kuala Lumpur/Selangor", "address": "LOT F103, First Floor, Centrepoint Bandar Utama, 3, Lebuh Bandar Utama, Bandar Utama, 47800 Petaling Jaya, Selangor ZUS Coffee \u2013 Centrepoint Bandar Utama", "postal_code": "47800", "city": "Petaling Jaya", "state": "Selangor", "maps_url": "https://maps.app.goo.gl/2m3UHhhCWzcUGVi18", "fetched_at": "2025-11-02T09:30:36.089063", "source": "zuscoffee.com"}
{"name": "Setiawangsa", "location_category": "Kuala Lumpur/Selangor", "address": "No 30-G (G-Floor), Jalan Setiawangsa 10 (10/55A), Taman Setiawangsa, 54200, WP Kuala Lumpur", "postal_code": "54200", "city": "Kuala Lumpur", "state": "Selangor", "maps_url": "https://maps.app.goo.gl/EDT9DtreNCn4rwmm8", "fetched_at": "2025-11-02T09:30:40.188411", "source": "zuscoffee.com"}
{"name": "Sungei Wang Plaza", "location_category": "Kuala Lumpur/Selangor", "address": "Lot PK-5, Sungei Wang Plaza, Jalan Sultan Ismail, Bukit Bintang, 55100 Kuala Lumpur, Wilayah Persekutuan Kuala Lumpur ZUS Coffee \u2013 Sungei Wang Plaza", "postal_code": "55100", "city": "Kuala Lumpur", "state": "Selangor", "maps_url": "https://maps.app.goo.gl/dV42oSX7g5ekeQZq8", "fetched_at": "2025-11-02T09:30:40.188593", "source": "zuscoffee.com"}
{"name": "Tower 8, Horizon 2, Bangsar South", "location_category": "Kuala Lumpur/Selangor", "address": "Office 2, Ground Floor, Tower 8, Bangsar South City, Jalan Kerinchi, Kuala Lumpur.", "postal_code": null, "city": "Kuala Lumpur", "state": "Selangor", "maps_url": "https://goo.gl/maps/CE2q8A1rqUfLnF4SA", "fetched_at": "2025-11-02T09:30:40.188882", "source": "zuscoffee.com"}
{"name": "Eco Sky", "location_category": "Kuala Lumpur/Selangor", "address": "G-30, Eco Sky, No. 972, Batu 6 1/2, Jalan Ipoh, 68100, Kuala Lumpur", "postal_code": "68100", "city": "Kuala Lumpur", "state": "Selangor", "maps_url": "https://goo.gl/maps/TA6HUrJFqjFiR7NX9", "fetched_at": "2025-11-02T09:30:40.189015", "source": "zuscoffee.com"}
{"name": "Berjaya Times Square", "location_category": "Kuala Lumpur/Selangor", "address": "Berjaya Times Square, Lot LG-18C-03A, 1, Jln Imbi, Bukit Bintang, 55100 Kuala Lumpur, Wilayah Persekutuan Kuala Lumpur", "postal_code": "55100", "city": "Kuala Lumpur", "state": "Selangor", "maps_url": "https://goo.gl/maps/FpQtqDUj872Mufkd7", "fetched_at": "2025-11-02T09:30:40.189147", "source": "zuscoffee.com"}
{"name": "Alamanda Putrajaya", "location_category": "Kuala Lumpur/Selangor", "address": "Lot G22, Ground Floor. Jalan Alamanda, Presint 1, 62000 Putrajaya, Wilayah Persekutuan Putrajaya.", "postal_code": "62000", "city": "Putrajaya", "state": "Selangor", "maps_url": "https://goo.gl/maps/PGaneH9TTMDoakEK7", "fetched_at": "2025-11-02T09:30:40.189364", "source": "zuscoffee.com"}
{"name": "INTI International College Subang", "location_category": "Kuala Lumpur/Selangor", "address": "Cafeteria Level 1, Block B, INTI International College Subang Campus, No 3, Jalan SS15/8, 47500 Subang Jaya, Selangor.", "postal_code": "47500", "city": "Subang Jaya", "state": "Selangor", "maps_url": "https://goo.gl/maps/SJ84L8pCBgH8zvxH9", "fetched_at": "2025-11-02T09:30:40.189659", "source": "zuscoffee.com"}
{"name": "Bandar Country Homes Rawang", "location_category": "Kuala Lumpur/Selangor", "address": "No. G-16, Avia Plus, Jalan Desa Utama, Bandar Country Home, 48000 Rawang, Selangor", "postal_code": "48000", "city": null, "state": "Selangor", "maps_url": "https://goo.gl/maps/nQGL8njPA1s4Y6jD7", "fetched_at": "2025-11-02T09:30:40.190086", "source": "zuscoffee.com"}
{"name": "Melawati Mall", "location_category": "Kuala Lumpur/Selangor", "address": "Lot L1-K1, Melawati Mall, Jalan Bandar 12, Taman Melawati, 53100 Kuala Lumpur, Selangor ZUS Coffee \u2013 Melawati Mall", "postal_code": "53100", "city": "Kuala Lumpur", "state": "Selangor", "maps_url": "https://goo.gl/maps/T16Urjiiw11yjNer5", "fetched_at": "2025-11-02T09:30:40.190375", "source": "zuscoffee.com"}
{"name": "IOI Boulevard", "location_category": "Kuala Lumpur/Selangor", "address": "B-G-13A (Ground Floor), IOI Boulevard, Jalan Kenari 5, Bandar Puchong Jaya, 47100 Puchong, Selangor.", "postal_code": "47100", "city": "Puchong", "state": "Selangor", "maps_url": "https://goo.gl/maps/2HJnduG8ue4t45MZ8", "fetched_at": "2025-11-02T09:30:40.190561", "source": "zuscoffee.com"}
{"name": "Pekan Meru", "location_category": "Kuala Lumpur/Selangor", "address": "195, Jalan Meru Batu 6 1/2, Pekan Meru, 41050 Klang, Selangor", "postal_code": "41050", "city": "Klang", "state": "Selangor", "maps_url": "https://goo.gl/maps/KGo6jdjPNHe2a2j1A", "fetched_at": "2025-11-02T09:30:40.190712", "source": "zuscoffee.com"}
{"name": "Desa Petaling", "location_category": "Kuala Lumpur/Selangor", "address": "29, Jalan 3/125D, Desa Petaling 57100 Kuala Lumpur", "postal_code": "57100", "city": "Kuala Lumpur", "state": "Selangor", "maps_url": "https://goo.gl/maps/UfEC9rJBXdkkJymV8", "fetched_at": "2025-11-02T09:30:44.118960", "source": "zuscoffee.com"}
{"name": "Jade Hills Kajang", "location_category": "Kuala Lumpur/Selangor", "address": "No 54-1, Jalan Dataran Jade 6, Dataran Jade, Jade Hills, 43000 Kajang, Selangor", "postal_code": "43000", "city": null, "state": "Selangor", "maps_url": "https://goo.gl/maps/TfmPQdoZ9MG6uytz6", "fetched_at": "2025-11-02T09:30:44.119161", "source": "zuscoffee.com"}
{"name": "Bandar Tasik Puteri", "location_category": "Kuala Lumpur/Selangor", "address": "No 82-G-A, Ground Floor, Jalan 7A/2, Bandar Tasik Puteri, 48000 Rawang, Selangor", "postal_code": "48000", "city": null, "state": "Selangor", "maps_url": "https://goo.gl/maps/8rPEmN2RWEr2nKtr5", "fetched_at": "2025-11-02T09:30:44.119317", "source": "zuscoffee.com"}
{"name": "Bandar Sunway", "location_category": "Kuala Lumpur/Selangor", "address": "No 27 (Ground Floor), Jalan PJS 11/28b, Sunway Metro Bandar Sunway, 46150 Petaling Jaya, Selangor", "postal_code": "46150", "city": "Petaling Jaya", "state": "Selangor", "maps_url": "https://goo.gl/maps/UoPUbgiicKqwZM8K7", "fetched_at": "2025-11-02T09:30:44.119485", "source": "zuscoffee.com"}
{"name": "Cheras Leisure Mall", "location_category": "Kuala Lumpur/Selangor", "address": "Lot L1-24, Leisure Mall, Jalan Manis 6, Taman Bukit Segar, 56100 Kuala Lumpur, Wilayah Persekutuan Kuala Lumpur ZUS Coffee \u2013 Cheras Leisure Mall", "postal_code": "56100", "city": "Kuala Lumpur", "state": "Selangor", "maps_url": "https://goo.gl/maps/kZMrsniabj6ajf7w8", "fetched_at": "2025-11-02T09:30:44.119659", "source": "zuscoffee.com"}
{"name": "Pearl Point Shopping Mall", "location_category": "Kuala Lumpur/Selangor", "address": "LOT F-25. Menara Pearl Point 2 No. 2A, Jalan Sepadu, Off, Jln Klang Lama, 58200 Kuala Lumpur. ZUS Coffee \u2013 Pearl Point Shopping Mall", "postal_code": "58200", "city": "Kuala Lumpur", "state": "Selangor", "maps_url": "https://goo.gl/maps/RBFn4hcFJg4MpVqf8", "fetched_at": "2025-11-02T09:30:44.119819", "source": "zuscoffee.com"}
{"name": "Empire Shopping Gallery", "location_category": "Kuala Lumpur/Selangor", "address": "LK-07, Level Lower Ground, Empire Shopping Gallery, Jalan SS16/1, 47500 Subang Jaya, Selangor Darul Ehsan", "postal_code": "47500", "city": "Subang Jaya", "state": "Selangor", "maps_url": "https://goo.gl/maps/rTq2Mxwc9xTKk3zc9", "fetched_at": "2025-11-02T09:30:44.120036", "source": "zuscoffee.com"}
{"name": "CALTEX Sungai Choh", "location_category": "Kuala Lumpur/Selangor", "address": "PT 20499 (Lot 1493), Kampung Stesen, Sungai Buaya, 48000 Sungai Choh, Selangor Darul Ehsan.", "postal_code": "20499", "city": null, "state": "Selangor", "maps_url": "https://goo.gl/maps/m9mA5w5jBNCcCczS7", "fetched_at": "2025-11-02T09:30:44.120224", "source": "zuscoffee.com"}
{"name": "Teluk Pulai", "location_category": "Kuala Lumpur/Selangor", "address": "No.198 (Ground floor), Jalan Teluk Pulai, 41000 Klang, Selangor", "postal_code": "41000", "city": "Klang", "state": "Selangor", "maps_url": "https://goo.gl/maps/XTcn1fpDW94nPiTj8", "fetched_at": "2025-11-02T09:30:44.120472", "source": "zuscoffee.com"}
{"name": "PJ New Town", "location_category": "Kuala Lumpur/Selangor", "address": "10 (Ground Floor), Jalan 52/18, PJ New Town, 46200 Petaling Jaya, Selangor", "postal_code": "46200", "city": "Petaling Jaya", "state": "Selangor", "maps_url": "https://goo.gl/maps/vprqmf1SbUoYNUs2A", "fetched_at": "2025-11-02T09:30:44.120788", "source": "zuscoffee.com"}
{"name": "KSL Esplanade Mall", "location_category": "Kuala Lumpur/Selangor", "address": "LOT G053A, Ground Floor, No 2, Jalan Langat KS9, Bandar Bestari, 42500 Klang, Selangor ZUS Coffee \u2013 KSL Esplanade Mall", "postal_code": "42500", "city": "Klang", "state": "Selangor", "maps_url": "https://goo.gl/maps/MyjQQYEm8CoenS9U8", "fetched_at": "2025-11-02T09:30:44.121013", "source": "zuscoffee.com"}
{"name": "Da Men Mall", "location_category": "Kuala Lumpur/Selangor", "address": "LG-25, Lower ground. 1, Persiaran Kewajipan, Usj 1, 47600 Subang Jaya, Selangor. ZUS Coffee \u2013 Da Men Mall", "postal_code": "47600", "city": "Subang Jaya", "state": "Selangor", "maps_url": "https://goo.gl/maps/Jw5aNpp3ad92Gopx9", "fetched_at": "2025-11-02T09:30:44.121212", "source": "zuscoffee.com"}
{"name": "University of Malaya", "location_category": "Kuala Lumpur/Selangor", "address": "Locker Room (Ground Floor), Bangunan Perpustakaan Utama, University of Malaya, Lembah Pantai, 50603 Kuala Lumpur", "postal_code": "50603", "city": "Kuala Lumpur", "state": "Selangor", "maps_url": "https://goo.gl/maps/xm13sfWxCYfV1Exi8", "fetched_at": "2025-11-02T09:30:48.319238", "source": "zuscoffee.com"}
{"name": "University of Nottingham", "location_category": "Kuala Lumpur/Selangor", "address": "Block H (Ground Floor), Student Association Building, Jalan Broga, 43500 Semenyih, Selangor Darul Ehsan ZUS Coffee \u2013 University of Nottingham", "postal_code": "43500", "city": null, "state": "Selangor", "maps_url": "https://goo.gl/maps/khVM8oopnLEYDMLA8?coh=178572&entry=tt", "fetched_at": "2025-11-02T09:30:48.319619", "source": "zuscoffee.com"}
{"name": "Suria KLCC", "location_category": "Kuala Lumpur/Selangor", "address": "Lot No. OS301 , Level 3, Suria KLCC, Persiaran Petronas, Kuala Lumpur City Centre, 50088 Kuala Lumpur", "postal_code": "50088", "city": "Kuala Lumpur", "state": "Selangor", "maps_url": "https://goo.gl/maps/ARggtH6kcQrkYHvd9", "fetched_at": "2025-11-02T09:30:48.319863", "source": "zuscoffee.com"}
{"name": "KL Gateway", "location_category": "Kuala Lumpur/Selangor", "address": "Lot G.15 & G.16. KL Gateway Mall. 2, Jalan Kerinchi, Kampung Kerinchi, 59200 Kuala Lumpur, Wilayah Persekutuan Kuala Lumpur.", "postal_code": "59200", "city": "Kuala Lumpur", "state": "Selangor", "maps_url": "https://goo.gl/maps/gAD6wBjcKucowH6B7", "fetched_at": "2025-11-02T09:30:48.319975", "source": "zuscoffee.com"}
{"name": "AEON Mall Wangsa Maju Alpha Angle", "location_category": "Kuala Lumpur/Selangor", "address": "Lot F37. Jalan R1, Seksyen 1, Bandar Baru Wangsa Maju 53300 Kuala Lumpur. ZUS Coffee \u2013 AEON Mall Wangsa Maju Alpha Angle", "postal_code": "53300", "city": "Kuala Lumpur", "state": "Selangor", "maps_url": "https://goo.gl/maps/aofzy7oNitKgUVr4A?coh=178572&entry=tt", "fetched_at": "2025-11-02T09:30:48.320096", "source": "zuscoffee.com"}
{"name": "KLIA 1 Departure Hall", "location_category": "Kuala Lumpur/Selangor", "address": "Lot CPD 3 A06, Gate A, Contact Pier Domestic KLIA, Kuala Lumpur International Airport, 64000 Sepang, Selangor Darul Ehsan.", "postal_code": "64000", "city": "Kuala Lumpur", "state": "Selangor", "maps_url": "https://goo.gl/maps/Tp6HjUUm8euMfajn6?coh=178572&entry=tt", "fetched_at": "2025-11-02T09:30:48.320210", "source": "zuscoffee.com"}
{"name": "M3 Shopping Mall", "location_category": "Kuala Lumpur/Selangor", "address": "GK-10a & GK-10b, Jln Madrasah, Taman Melati, 53100 Kuala Lumpur, Wilayah Persekutuan Kuala Lumpur. ZUS Coffee \u2013 M3 Shopping Mall", "postal_code": "53100", "city": "Kuala Lumpur", "state": "Selangor", "maps_url": "https://goo.gl/maps/qjywrDrnqUGu9wbu5", "fetched_at": "2025-11-02T09:30:48.320317", "source": "zuscoffee.com"}
{"name": "Xiamen University Malaysia", "location_category": "Kuala Lumpur/Selangor", "address": "A3 Library Cafe \u2013 GF, Xiamen University Malaysia, Jalan Sunsuria, Bandar Sunsuria, 43900 Sepang, Selangor.", "postal_code": "43900", "city": null, "state": "Selangor", "maps_url": "https://goo.gl/maps/ZotrA6JJXknKzcAe9", "fetched_at": "2025-11-02T09:30:48.320445", "source": "zuscoffee.com"}
{"name": "Skypark Terminal", "location_category": "Kuala Lumpur/Selangor", "address": "Lot No. G10B, Ground Floor, Skypark Terminal, Sultan Abdul Aziz Shah Airport, 47200 Subang, Selangor", "postal_code": "47200", "city": null, "state": "Selangor", "maps_url": "https://goo.gl/maps/kQxq7pmLMEijYPvf9", "fetched_at": "2025-11-02T09:30:48.320569", "source": "zuscoffee.com"}
{"name": "Jaya One Mall", "location_category": "Kuala Lumpur/Selangor", "address": "100-P2.017 The School, Jaya One. 72A, Jln Profesor Diraja Ungku Aziz, Seksyen 13, 46200 Petaling Jaya, Selangor. ZUS Coffee \u2013 Jaya One Mall", "postal_code": "46200", "city": "Petaling Jaya", "state": "Selangor", "maps_url": "https://goo.gl/maps/PpDnAo6G1b4qmmw89", "fetched_at": "2025-11-02T09:30:48.320683", "source": "zuscoffee.com"}
{"name": "AEON Mall Metro Prima Kepong", "location_category": "Kuala Lumpur/Selangor", "address": "LOT KF2. 1, Jalan Metro Prima, Taman Kepong, 52100 Kuala Lumpur, Wilayah Persekutuan Kuala Lumpur. ZUS Coffee \u2013 AEON Mall Metro Prima Kepong", "postal_code": "52100", "city": "Kuala Lumpur", "state": "Selangor", "maps_url": "https://goo.gl/maps/v1xUPJjziuK1fz8m6", "fetched_at": "2025-11-02T09:30:48.320787", "source": "zuscoffee.com"}
{"name": "Taman Bukit Anggerik", "location_category": "Kuala Lumpur/Selangor", "address": "No.14 (Ground Floor), Jalan 34/154, Taman Bukit Anggerik, 56000 Kuala Lumpur", "postal_code": "56000", "city": "Kuala Lumpur", "state": "Selangor", "maps_url": "https://goo.gl/maps/PvRSFt1uTHd7vgrTA", "fetched_at": "2025-11-02T09:30:48.320887", "source": "zuscoffee.com"}
{"name": "AEON Mall Taman Maluri", "location_category": "Kuala Lumpur/Selangor", "address": "Lot KF2. Jalan Jejaka, Maluri, 55100 Cheras, Wilayah Persekutuan Kuala Lumpur ZUS Coffee \u2013 AEON Mall Taman Maluri", "postal_code": "55100", "city": "Kuala Lumpur", "state": "Selangor", "maps_url": "https://goo.gl/maps/kZJHiwMJ8q6CciYo7", "fetched_at": "2025-11-02T09:30:52.167999", "source": "zuscoffee.com"}
{"name": "AEON Mall Bukit Raja", "location_category": "Kuala Lumpur/Selangor", "address": "Lot G23, Bukit Raja Shopping Centre, Persiaran Bukit Raja 2, Bandar Baru Klang, 41150 Klang, Selangor. ZUS Coffee \u2013 AEON Mall Bukit Raja", "postal_code": "41150", "city": "Klang", "state": "Selangor", "maps_url": "https://goo.gl/maps/eNPD1wjJiYyxMgvE7", "fetched_at": "2025-11-02T09:30:52.168183", "source": "zuscoffee.com"}
{"name": "Taman Desa Setapak", "location_category": "Kuala Lumpur/Selangor", "address": "No.37 (Ground Floor), Jalan 1/27B, Desa Setapak, 53300, Kuala Lumpur", "postal_code": "53300", "city": "Kuala Lumpur", "state": "Selangor", "maps_url": "https://goo.gl/maps/g5CwwuxBkz24D86u8", "fetched_at": "2025-11-02T09:30:52.168330", "source": "zuscoffee.com"}
{"name": "Taman Kosas", "location_category": "Kuala Lumpur/Selangor", "address": "No 21 (Ground Floor), Jalan Kosas 1/2, Taman Kosas, 68000 Ampang, Selangor Darul Ehsan.", "postal_code": "68000", "city": "Ampang", "state": "Selangor", "maps_url": "https://goo.gl/maps/PBCMtrnfNQp1iwc57", "fetched_at": "2025-11-02T09:30:52.168580", "source": "zuscoffee.com"}
{"name": "Putrajaya Presint 15", "location_category": "Kuala Lumpur/Selangor", "address": "No 43 (Ground Floor), Jalan Diplomatik, Presint Diplomatik, 62050 Putrajaya, Wilayah Persekutuan Putrajaya", "postal_code": "62050", "city": "Putrajaya", "state": "Selangor", "maps_url": "https://goo.gl/maps/LWyKNHec3hn7GTRKA", "fetched_at": "2025-11-02T09:30:52.168811", "source": "zuscoffee.com"}
{"name": "Bandar Sungai Long", "location_category": "Kuala Lumpur/Selangor", "address": "No 19, Ground Floor, Jalan SL 1/4, Bandar Sungai Long, 43000 Kajang, Selangor", "postal_code": "43000", "city": null, "state": "Selangor", "maps_url": "https://goo.gl/maps/JUW33rY5syUx5wPJ9", "fetched_at": "2025-11-02T09:30:52.168959", "source": "zuscoffee.com"}
{"name": "Quayside Mall", "location_category": "Kuala Lumpur/Selangor", "address": "1FK-07, First Floor. Quayside Mall. Gamuda Kemuning, 25.7, Persiaran Freesia, 42500 Telok Panglima Garang, Selangor. ZUS Coffee \u2013 Quayside Mall", "postal_code": "42500", "city": null, "state": "Selangor", "maps_url": "https://goo.gl/maps/eHojDSUCoDMikY7S8", "fetched_at": "2025-11-02T09:30:52.169200", "source": "zuscoffee.com"}
{"name": "MYDIN USJ Subang Jaya", "location_category": "Kuala Lumpur/Selangor", "address": "Lot GSRU-24,GSRU-25, Ground Floor level, MYDIN Subang Jaya, Persiaran Subang Permai, USJ 1, 47500 Subang Jaya, Selangor", "postal_code": "47500", "city": "Subang Jaya", "state": "Selangor", "maps_url": "https://goo.gl/maps/Xx5HyDKByC969rev8", "fetched_at": "2025-11-02T09:30:52.169359", "source": "zuscoffee.com"}
{"name": "Temu @ City Of Elmina", "location_category": "Kuala Lumpur/Selangor", "address": "No 5 (Ground Floor), Jalan Eserina AA U16/AA, Elmina East, Seksyen U16, 40150 Shah Alam, Selangor Darul Ehsan.", "postal_code": "40150", "city": "Shah Alam", "state": "Selangor", "maps_url": "https://goo.gl/maps/o3iKTrg6rGuo7Nh77", "fetched_at": "2025-11-02T09:30:52.169485", "source": "zuscoffee.com"}
{"name": "BMC Mall", "location_category": "Kuala Lumpur/Selangor", "address": "GK-01, BMC Mall. Jalan Temenggung 21/9, Bandar Mahkota Cheras, 43200 Cheras, Selangor. ZUS Coffee \u2013 BMC Mall", "postal_code": "43200", "city": null, "state": "Selangor", "maps_url": "https://goo.gl/maps/M15crMMpR47xBeXEA", "fetched_at": "2025-11-02T09:30:52.169619", "source": "zuscoffee.com"}
{"name": "Nu Sentral Mall", "location_category": "Kuala Lumpur/Selangor", "address": "Lot CC.04A. 201, Jalan Tun Sambanthan, Brickfields, 50470 Kuala Lumpur, Wilayah Persekutuan Kuala Lumpur. ZUS Coffee \u2013 Nu Sentral Mall", "postal_code": "50470", "city": "Kuala Lumpur", "state": "Selangor", "maps_url": "https://goo.gl/maps/NJDM3kBomXgK1x9h7", "fetched_at": "2025-11-02T09:30:52.169740", "source": "zuscoffee.com"}
{"name": "Pandan Indah", "location_category": "Kuala Lumpur/Selangor", "address": "No. 15G (Ground Floor), Jalan Perubatan 2, Pandan Indah, 55100, Kuala Lumpur.", "postal_code": "55100", "city": "Kuala Lumpur", "state": "Selangor", "maps_url": "https://goo.gl/maps/sAaiQ45dXvkmK9XY6", "fetched_at": "2025-11-02T09:30:52.169849", "source": "zuscoffee.com"}
{"name": "Majestic Maxim Residensi Tmn Bkt Cheras", "location_category": "Kuala Lumpur/Selangor", "address": "No.LG-03, Residensi Majestic Maxim, 45, Jalan 9, Taman Bukit Cheras, 56000 Kuala Lumpur", "postal_code": "56000", "city": "Kuala Lumpur", "state": "Selangor", "maps_url": "https://goo.gl/maps/ewWYcrKErCVrR8A5A", "fetched_at": "2025-11-02T09:30:56.301737", "source": "zuscoffee.com"}
{"name": "Quill City Mall", "location_category": "Kuala Lumpur/Selangor", "address": "LG-23A. 1018, Jln Sultan Ismail, Bandar Wawasan, 54200 Kuala Lumpur, Wilayah Persekutuan Kuala Lumpur. ZUS Coffee \u2013 Quill City Mall", "postal_code": "54200", "city": "Kuala Lumpur", "state": "Selangor", "maps_url": "https://goo.gl/maps/8mazjnsEBYLNE7SAA", "fetched_at": "2025-11-02T09:30:56.301872", "source": "zuscoffee.com"}
{"name": "IOI City Mall", "location_category": "Kuala Lumpur/Selangor", "address": "L1-K204, First Floor, IOI City Mall 2, Lebuh IRC, IOI Resort City, 62502 Putrajaya ZUS Coffee \u2013 IOI City Mall", "postal_code": "62502", "city": "Putrajaya", "state": "Selangor", "maps_url": "https://goo.gl/maps/Ye9w3xFSiig9n7oeA", "fetched_at": "2025-11-02T09:30:56.301988", "source": "zuscoffee.com"}
{"name": "Megah Rise Mall, PJ", "location_category": "Kuala Lumpur/Selangor", "address": "Lot G-15, Ground Floor, Megah Rise Mall, Jalan SS 24/11, Taman Megah, 47301 Petaling Jaya ZUS Coffee \u2013 Megah Rise Mall, PJ", "postal_code": "47301", "city": "Petaling Jaya", "state": "Selangor", "maps_url": "https://goo.gl/maps/b73K5H1Ek983SEfH8", "fetched_at": "2025-11-02T09:30:56.302094", "source": "zuscoffee.com"}
{"name": "BHP Jalan Maarof", "location_category": "Kuala Lumpur/Selangor", "address": "78, Jalan Ma\u2019arof, Bangsar, 59000 Kuala Lumpur, Wilayah Persekutuan Kuala Lumpur ZUS Coffee \u2013 BHP Jalan Maarof", "postal_code": "59000", "city": "Kuala Lumpur", "state": "Selangor", "maps_url": "https://goo.gl/maps/U4H8v1DnV5TEEiTFA", "fetched_at": "2025-11-02T09:30:56.302189", "source": "zuscoffee.com"}
{"name": "The FLO Bandar Sri Damansara", "location_category": "Kuala Lumpur/Selangor", "address": "GF-3, The Flo, Persiaran Perdana, Bandar Sri Damansara, 52200 Kuala Lumpur", "postal_code": "52200", "city": "Kuala Lumpur", "state": "Selangor", "maps_url": "https://goo.gl/maps/1hLReCzvSJRyFq8S9", "fetched_at": "2025-11-02T09:30:56.302389", "source": "zuscoffee.com"}
{"name": "AEON Mall Taman Equine Shopping Centre", "location_category": "Kuala Lumpur/Selangor", "address": "Lot LG13, Lower Ground Floor, Aeon Taman Equine Shopping Centre, 2, Jalan Equine, Pusat Bandar Putra Permai, 43300 Seri Kembangan, Selangor ZUS Coffee \u2013 AEON Mall Taman Equine Shopping Centre", "postal_code": "43300", "city": null, "state": "Selangor", "maps_url": "https://goo.gl/maps/pxDE1RrtdRdsRKyu9", "fetched_at": "2025-11-02T09:30:56.302615", "source": "zuscoffee.com"}
{"name": "Puncak Jalil", "location_category": "Kuala Lumpur/Selangor", "address": "No 26 (Ground Floor), Jalan PUJ 3/13, Taman Puncak Jalil, 43300 Seri Kembangan, Selangor Darul Ehsan.", "postal_code": "43300", "city": null, "state": "Selangor", "maps_url": "https://goo.gl/maps/qXAHbJcGuzigxw3V9", "fetched_at": "2025-11-02T09:30:56.302740", "source": "zuscoffee.com"}
{"name": "Banting", "location_category": "Kuala Lumpur/Selangor", "address": "No 213 (Ground Floor), Jalan Sultan Abdul Samad, Bandar Banting, 42700 Banting, Selangor Darul Ehsan.", "postal_code": "42700", "city": null, "state": "Selangor", "maps_url": "https://goo.gl/maps/cHENDvCbTrcD5J1a6", "fetched_at": "2025-11-02T09:30:56.302862", "source": "zuscoffee.com"}
{"name": "AEON Mall Shah Alam", "location_category": "Kuala Lumpur/Selangor", "address": "Lot (KG10), AEON Mall Shah Alam, Jalan Akuatik 13/64, Seksyen 13, 40100 Shah Alam, Selangor ZUS Coffee \u2013 AEON Mall Shah Alam", "postal_code": "40100", "city": "Shah Alam", "state": "Selangor", "maps_url": "https://goo.gl/maps/WrZgREup9fWacaHWA", "fetched_at": "2025-11-02T09:30:56.302979", "source": "zuscoffee.com"}
{"name": "Datum Jelatek Mall", "location_category": "Kuala Lumpur/Selangor", "address": "L1-K-09 & 07 (level 1), Datum Jelatek Mall, Jalan Enggang, Taman Keramat, 54200 Kuala Lumpur, Selangor. ZUS Coffee \u2013 Datum Jelatek Mall", "postal_code": "54200", "city": "Kuala Lumpur", "state": "Selangor", "maps_url": "https://goo.gl/maps/8fiwceaE2fBox6KB7", "fetched_at": "2025-11-02T09:30:56.303094", "source": "zuscoffee.com"}
{"name": "Taman Tas, Kuantan", "location_category": "Kuala Lumpur/Selangor", "address": "B4 (Ground Floor), Lorong Pandan Damai 2/4, Taman Pandan Damai, 25150 Kuantan, Pahang Darul Makmur.", "postal_code": "25150", "city": null, "state": "Selangor", "maps_url": "https://goo.gl/maps/TXqqmUfbj9bm1tQu6", "fetched_at": "2025-11-02T09:30:56.303202", "source": "zuscoffee.com"}
{"name": "Antara Gapi", "location_category": "Kuala Lumpur/Selangor", "address": "No 15-G (Ground Floor), Jalan Gapi 1A/3, Perniagaan Antara Gapi, 48200 Serendah, Selangor Darul Ehsan.", "postal_code": "48200", "city": null, "state": "Selangor", "maps_url": "https://goo.gl/maps/3kTB4G5CqSSug3Ew9", "fetched_at": "2025-11-02T09:31:00.416390", "source": "zuscoffee.com"}
{"name": "Shah Alam Seksyen 14 (Vista Alam)", "location_category": "Kuala Lumpur/Selangor", "address": "F-G-29 (Ground Floor), Vista Alam, Jalan Ikhtisas, Seksyen 14, 40000 Shah Alam, Selangor Darul Ehsan", "postal_code": "40000", "city": "Shah Alam", "state": "Selangor", "maps_url": "https://goo.gl/maps/id8tgjWsiwzczZdk9", "fetched_at": "2025-11-02T09:31:00.416636", "source": "zuscoffee.com"}
{"name": "Bandar Saujana Putra", "location_category": "Kuala Lumpur/Selangor", "address": "No 19-G, Jalan SP 1/1, Bandar Saujana Putra, 42610 Jenjarom, Selangor Darul Ehsan.", "postal_code": "42610", "city": null, "state": "Selangor", "maps_url": "https://goo.gl/maps/qK2Witykh7ddbfhU7", "fetched_at": "2025-11-02T09:31:00.416900", "source": "zuscoffee.com"}
{"name": "CALTEX Temiang", "location_category": "Kuala Lumpur/Selangor", "address": "Lot 40766, Persiaran Sri Pulai 2, 70400 Seremban, Negeri Sembilan Darul Khusus.", "postal_code": "40766", "city": null, "state": "Selangor", "maps_url": "https://goo.gl/maps/PmKWTyx7rdN945S79", "fetched_at": "2025-11-02T09:31:00.417130", "source": "zuscoffee.com"}
{"name": "SB Mall Sungai Buloh", "location_category": "Kuala Lumpur/Selangor", "address": "G-17B, SB Mall, Bukit Rahman Putra, 47000 Sungai Buloh, Selangor ZUS Coffee \u2013 SB Mall Sungai Buloh", "postal_code": "47000", "city": null, "state": "Selangor", "maps_url": "https://goo.gl/maps/fnrzKD1WCu8MzJZy9", "fetched_at": "2025-11-02T09:31:00.417389", "source": "zuscoffee.com"}
{"name": "Subang Bestari", "location_category": "Kuala Lumpur/Selangor", "address": "No 3 (Ground Floor), Jalan Nova U5/N, Subang Bestari, 40150 Shah Alam, Selangor", "postal_code": "40150", "city": "Shah Alam", "state": "Selangor", "maps_url": "https://goo.gl/maps/YKjfFkXmiFBfKM16A", "fetched_at": "2025-11-02T09:31:00.417610", "source": "zuscoffee.com"}
{"name": "Setia City Mall", "location_category": "Kuala Lumpur/Selangor", "address": "L1-120, Level 1, Setia City Mall, Persiaran Setia Dagang, Setia Alam, 40170 Shah Alam, Selangor ZUS Coffee \u2013 Setia City Mall", "postal_code": "40170", "city": "Shah Alam", "state": "Selangor", "maps_url": "https://goo.gl/maps/L7vyRinRvMNHPGhp8", "fetched_at": "2025-11-02T09:31:00.417828", "source": "zuscoffee.com"}
{"name": "Batang Kali", "location_category": "Kuala Lumpur/Selangor", "address": "No 7 (Ground Floor), Jalan Mahagoni 7/1A, Seksyen 4, Perniagaan Jalan Mahagoni, 44300 Batang Kali, Selangor Darul Ehsan.", "postal_code": "44300", "city": null, "state": "Selangor", "maps_url": "https://goo.gl/maps/RoHgYHj9fXx2CrUM9", "fetched_at": "2025-11-02T09:31:00.417924", "source": "zuscoffee.com"}
{"name": "MENARA WORLDWIDE", "location_category": "Kuala Lumpur/Selangor", "address": "Ground Floor, Menara Worldwide, 198, Jln Bukit Bintang, Kuala Lumpur, 55100 Kuala Lumpur, Wilayah Persekutuan Kuala Lumpur", "postal_code": "55100", "city": "Kuala Lumpur", "state": "Selangor", "maps_url": "https://goo.gl/maps/fuQSdLxcxCAg5xZz9", "fetched_at": "2025-11-02T09:31:00.418018", "source": "zuscoffee.com"}
{"name": "PUTRA HEIGHTS", "location_category": "Kuala Lumpur/Selangor", "address": "No 31 (Ground Floor), Jalan Putra Mahkota 7/6c, Putra Point Commercial Centre, 47650 Subang Jaya, Selangor", "postal_code": "47650", "city": "Subang Jaya", "state": "Selangor", "maps_url": "https://goo.gl/maps/vqxPgJJMZJymU7MT9", "fetched_at": "2025-11-02T09:31:00.418111", "source": "zuscoffee.com"}
{"name": "1 UTAMA SHOPPING CENTRE", "location_category": "Kuala Lumpur/Selangor", "address": "1 Utama Shopping Centre, Lot L2-SK9, 1, Lebuh Bandar Utama, Bandar Utama, 47800 Petaling Jaya, Selangor 1 UTAMA SHOPPING CENTRE", "postal_code": "47800", "city": "Petaling Jaya", "state": "Selangor", "maps_url": "https://goo.gl/maps/Z8rfW3FhuzkqGwJdA", "fetched_at": "2025-11-02T09:31:00.418200", "source": "zuscoffee.com"}
{"name": "SAUJANA UTAMA", "location_category": "Kuala Lumpur/Selangor", "address": "No. 23G, Taman, Jalan Bidara 10, Saujana Utama 3, 47000 Sungai Buloh, Selangor", "postal_code": "47000", "city": null, "state": "Selangor", "maps_url": "https://goo.gl/maps/rnon9CMra17xr7c86", "fetched_at": "2025-11-02T09:31:00.418298", "source": "zuscoffee.com"}
{"name": "DENAI ALAM", "location_category": "Kuala Lumpur/Selangor", "address": "No 39, 1, Jln Elektron U16/D, Denai Alam, 40160 Shah Alam, Selangor", "postal_code": "40160", "city": "Shah Alam", "state": "Selangor", "maps_url": "https://goo.gl/maps/2UDd59PdTC7sSwKR7", "fetched_at": "2025-11-02T09:31:04.993864", "source": "zuscoffee.com"}
{"name": "BANDAR SERI COALFIELDS", "location_category": "Kuala Lumpur/Selangor", "address": "No 32 (Ground Floor), Bandar Seri Coalfields, Jalan BSC 2B/2, 47000 Sungai Buloh, Selangor", "postal_code": "47000", "city": null, "state": "Selangor", "maps_url": "https://goo.gl/maps/Au3qUb6U4pqjy1eE9", "fetched_at": "2025-11-02T09:31:04.993979", "source": "zuscoffee.com"}
{"name": "TROPICANA GARDENS MALL", "location_category": "Kuala Lumpur/Selangor", "address": "LOT 3F 47&48, Third Floor, Tropicana Gardens Mall, Jln PJU 3/21, Tropicana Indah, 47410 Petaling Jaya, Selangor", "postal_code": "47410", "city": "Petaling Jaya", "state": "Selangor", "maps_url": "https://goo.gl/maps/qko2pt2EoSZbRvnC6", "fetched_at": "2025-11-02T09:31:04.994081", "source": "zuscoffee.com"}
{"name": "LAKEFIELDS TRILLIUM", "location_category": "Kuala Lumpur/Selangor", "address": "58-G, Jalan Tasik Utama 5 Medan Niaga Tasik Damai, Sungai Besi, 57000 Kuala Lumpur", "postal_code": "57000", "city": "Kuala Lumpur", "state": "Selangor", "maps_url": "https://goo.gl/maps/dgsWKBS2813Q7Ehm8", "fetched_at": "2025-11-02T09:31:04.994168", "source": "zuscoffee.com"}
{"name": "TAMAN SRI SERDANG, SERI KEMBANGAN", "location_category": "Kuala Lumpur/Selangor", "address": "3352 (Ground Floor), Jalan 18/32, Taman Sri Serdang, 43300 Seri Kembangan, Selangor", "postal_code": "43300", "city": null, "state": "Selangor", "maps_url": "https://goo.gl/maps/hvcxbmcoVodhc5GT9", "fetched_at": "2025-11-02T09:31:04.994261", "source": "zuscoffee.com"}
{"name": "IOI CONEZION", "location_category": "Kuala Lumpur/Selangor", "address": "A-G-11, Connection Commercial, Persiaran IRC 3 IRC 3, IOI Resort City, 62502 Sepang, Wilayah Persekutuan Putrajaya", "postal_code": "62502", "city": "Putrajaya", "state": "Selangor", "maps_url": "https://goo.gl/maps/w9o1bgCnSrPuMUSP7", "fetched_at": "2025-11-02T09:31:04.994358", "source": "zuscoffee.com"}
{"name": "STARLING MALL", "location_category": "Kuala Lumpur/Selangor", "address": "K-S-202, Second Floor The Starling Mall, 6, Jalan SS 21/37, Damansara Utama, 47400 Petaling Jaya, Selangor", "postal_code": "47400", "city": "Petaling Jaya", "state": "Selangor", "maps_url": "https://goo.gl/maps/fEQKSKiF9N4rzEVk7", "fetched_at": "2025-11-02T09:31:04.994467", "source": "zuscoffee.com"}
{"name": "SUBANG PERDANA", "location_category": "Kuala Lumpur/Selangor", "address": "27-G, Jalan Dinar E U3/E, Taman Subang Perdana, 40150 Shah Alam, Selangor", "postal_code": "40150", "city": "Shah Alam", "state": "Selangor", "maps_url": "https://goo.gl/maps/kaPBHQ1bSss5Lcey7", "fetched_at": "2025-11-02T09:31:04.994592", "source": "zuscoffee.com"}
{"name": "BANDAR SERI PUTRA", "location_category": "Kuala Lumpur/Selangor", "address": "13G, Jalan Seri Putra 1/2 Bandar Seri Putra Bangi, 43000 Kajang, Selangor", "postal_code": "43000", "city": null, "state": "Selangor", "maps_url": "https://goo.gl/maps/RdVTpbpYL7ZCYCLP7", "fetched_at": "2025-11-02T09:31:04.994694", "source": "zuscoffee.com"}
{"name": "SENTUL POINT", "location_category": "Kuala Lumpur/Selangor", "address": "BC-G-08 Sentul Point Suite Apartments, Jalan Sentul Pasar, Sentul, 51000 Kuala Lumpur", "postal_code": "51000", "city": "Kuala Lumpur", "state": "Selangor", "maps_url": "https://goo.gl/maps/xfiWQ8XhKEhyQq1n9", "fetched_at": "2025-11-02T09:31:04.994782", "source": "zuscoffee.com"}
{"name": "AMPANG SPECTRUM MALL", "location_category": "Kuala Lumpur/Selangor", "address": "Lot CW-5, Cafe Walk, Ground Floor, Spectrum Shopping Mall", "postal_code": null, "city": null, "state": "Selangor", "maps_url": "https://goo.gl/maps/q2bZdyKDYkNDbV2VA", "fetched_at": "2025-11-02T09:31:04.994872", "source": "zuscoffee.com"}
{"name": "DPulze Shopping Centre, Cyberjaya", "location_category": "Kuala Lumpur/Selangor", "address": "Lot EX-GW-01A, Ground Floor, DPulze Shopping Centre, Persiaran Multimedia, Cyber 12, 63000 Cyberjaya ZUS Coffee \u2013 DPulze Shopping Centre, Cyberjaya", "postal_code": "63000", "city": "Cyberjaya", "state": "Selangor", "maps_url": "https://maps.app.goo.gl/BYiqE3Wdm35hAnVWA", "fetched_at": "2025-11-02T09:31:04.995002", "source": "zuscoffee.com"}
{"name": "KOTA DAMANSARA", "location_category": "Kuala Lumpur/Selangor", "address": "No. 27-1, Jalan PJU 5/12, Dataran Sunway, Kota Damansara, 47810 Petaling Jaya", "postal_code": "47810", "city": "Petaling Jaya", "state": "Selangor", "maps_url": "https://goo.gl/maps/7w94urB4cH6zs9pU8", "fetched_at": "2025-11-02T09:31:09.181528", "source": "zuscoffee.com"}
{"name": "ATRIA SHOPPING GALLERY", "location_category": "Kuala Lumpur/Selangor", "address": "C01A, Concourse Floor, Atria Shopping Gallery, Jalan SS 22/23, Damansara Jaya 47400 Petaling Jaya.", "postal_code": "47400", "city": "Petaling Jaya", "state": "Selangor", "maps_url": "https://goo.gl/maps/Z447kr2pPT44X2ScA", "fetched_at": "2025-11-02T09:31:09.181640", "source": "zuscoffee.com"}
{"name": "BUKIT SENTOSA", "location_category": "Kuala Lumpur/Selangor", "address": "19G, Jalan Orkid 1F/2, Bukit Sentosa BS 1, 48300 Rawang, Selangor", "postal_code": "48300", "city": null, "state": "Selangor", "maps_url": "https://goo.gl/maps/zxCcr3RNAdy3gobj7", "fetched_at": "2025-11-02T09:31:09.181732", "source": "zuscoffee.com"}
{"name": "KOTA WARISAN", "location_category": "Kuala Lumpur/Selangor", "address": "Unit 63-G, Jalan Warisan Sentral 1, Kota Warisan, Bandar Baru Salak Tinggi, 43900 Sepang, Selangor", "postal_code": "43900", "city": null, "state": "Selangor", "maps_url": "https://goo.gl/maps/NrQciFrEzNer3mi5A", "fetched_at": "2025-11-02T09:31:09.181845", "source": "zuscoffee.com"}
{"name": "SHAH ALAM SEKSYEN 13", "location_category": "Kuala Lumpur/Selangor", "address": "No. 50, Jalan Renang 13/26, Tadisma Business Park, Seksyen 13, 40100 Shah Alam, Selangor", "postal_code": "40100", "city": "Shah Alam", "state": "Selangor", "maps_url": "https://goo.gl/maps/xEbiPB9tS7erfrKS6", "fetched_at": "2025-11-02T09:31:09.181986", "source": "zuscoffee.com"}
{"name": "Sunway Gandaria, Bangi", "location_category": "Kuala Lumpur/Selangor", "address": "UG-11 Sunway Gandaria, Jalan Pusat Bandar 2, Bandar Baru Bangi, Seksyen 9, 43650 Selangor", "postal_code": "43650", "city": null, "state": "Selangor", "maps_url": "https://maps.app.goo.gl/hP9njvTKvXUyszMQ7", "fetched_at": "2025-11-02T09:31:09.182147", "source": "zuscoffee.com"}
{"name": "RAWANG REEF", "location_category": "Kuala Lumpur/Selangor", "address": "No. A13A-G, Jalan Reef 1/1, Pusat Perniagaan Reef, 48000 Rawang, Selangor", "postal_code": "48000", "city": null, "state": "Selangor", "maps_url": "https://goo.gl/maps/oPNR5xyvTJnABbLw8", "fetched_at": "2025-11-02T09:31:09.182264", "source": "zuscoffee.com"}
{"name": "PRIMA SRI GOMBAK", "location_category": "Kuala Lumpur/Selangor", "address": "G-39, Jalan Prima SG 2, Prima Sri Gombak, 68100 Batu Caves, Selangor", "postal_code": "68100", "city": null, "state": "Selangor", "maps_url": "https://goo.gl/maps/uLL2177jWKhyYbP57", "fetched_at": "2025-11-02T09:31:09.182371", "source": "zuscoffee.com"}
{"name": "Ecohill, Semenyih", "location_category": "Kuala Lumpur/Selangor", "address": "C-06-01, Blok C, Pusat Komersial Dataran Ecohill, Jalan Ecohill 1/2, Setia Ecohill 43500 Semenyih, Selangor", "postal_code": "43500", "city": null, "state": "Selangor", "maps_url": "https://maps.app.goo.gl/bEpkHP48dJJ3ZBSw9", "fetched_at": "2025-11-02T09:31:09.182508", "source": "zuscoffee.com"}
{"name": "BANDAR BARU SELAYANG", "location_category": "Kuala Lumpur/Selangor", "address": "59, Jalan 2/16, Bandar Baru Selayang 68100 Batu Caves, Selangor", "postal_code": "68100", "city": null, "state": "Selangor", "maps_url": "https://goo.gl/maps/jr1tADwxQfWhU3tt9", "fetched_at": "2025-11-02T09:31:09.182613", "source": "zuscoffee.com"}
{"name": "BANDAR BUKIT RAJA", "location_category": "Kuala Lumpur/Selangor", "address": "13G, Jalan Rodat 2A/KU5, Bandar Bukit Raja 41050 Klang Selangor", "postal_code": "41050", "city": "Klang", "state": "Selangor", "maps_url": "https://goo.gl/maps/euN6UosVpihBmUgq6", "fetched_at": "2025-11-02T09:31:09.182715", "source": "zuscoffee.com"}
{"name": "SETIA ALAM TP2", "location_category": "Kuala Lumpur/Selangor", "address": "36-G, Jalan Setia Utama AS U13/AS, Setia Alam, 40170 Shah Alam Selangor", "postal_code": "40170", "city": "Shah Alam", "state": "Selangor", "maps_url": "https://goo.gl/maps/Yy4bN4o3t8KUV65W9", "fetched_at": "2025-11-02T09:31:09.182817", "source": "zuscoffee.com"}
{"name": "SUNWAY PINNACLE", "location_category": "Kuala Lumpur/Selangor", "address": "Unit G-02, Ground Floor, The Pinnacle Annexe, Persiaran Lagoon, Sunway City, 47500, Selangor", "postal_code": "47500", "city": null, "state": "Selangor", "maps_url": "https://goo.gl/maps/zpkqHfttVscM32zz7", "fetched_at": "2025-11-02T09:31:13.287293", "source": "zuscoffee.com"}
{"name": "KOTA KEMUNING", "location_category": "Kuala Lumpur/Selangor", "address": "1-17-1, No. 14, Persiaran Anggerik Vanilla, Kota Kemuning, Seksyen 31, 40460 Shah Alam, Selangor", "postal_code": "40460", "city": "Shah Alam", "state": "Selangor", "maps_url": "https://goo.gl/maps/4zxXmFwCvu9xotAy5", "fetched_at": "2025-11-02T09:31:13.287419", "source": "zuscoffee.com"}
{"name": "SHAH ALAM SEKSYEN 7", "location_category": "Kuala Lumpur/Selangor", "address": "24, Jalan Plumbum P7/P, Seksyen 7, 40000 Shah Alam, Selangor.", "postal_code": "40000", "city": "Shah Alam", "state": "Selangor", "maps_url": "https://goo.gl/maps/m2GFHP9MnQs4VXAN8", "fetched_at": "2025-11-02T09:31:13.287524", "source": "zuscoffee.com"}
{"name": "MKH Boulevard, Kajang", "location_category": "Kuala Lumpur/Selangor", "address": "Lot G-15, MKH Boulevard Kajang, Jalan Changkat, Bandar Kajang, 43000 Kajang Selangor.", "postal_code": "43000", "city": null, "state": "Selangor", "maps_url": "https://maps.app.goo.gl/Rokmgi9ixdxmya7B7", "fetched_at": "2025-11-02T09:31:13.287706", "source": "zuscoffee.com"}
{"name": "THE CURVE", "location_category": "Kuala Lumpur/Selangor", "address": "K-G27-W, The Curve, Jalan PJU 7/3, Mutiara Damansara, 47820 Petaling Jaya, Selangor.", "postal_code": "47820", "city": "Petaling Jaya", "state": "Selangor", "maps_url": "https://goo.gl/maps/5WpCbqwgiqmarPBQ9", "fetched_at": "2025-11-02T09:31:13.287825", "source": "zuscoffee.com"}
{"name": "?CHERAS TRADER SQUARE", "location_category": "Kuala Lumpur/Selangor", "address": "83A-G, Jalan Dataran Cheras 4, Dataran Perniagaan Cheras, Balakong 43200 Selangor.", "postal_code": "43200", "city": null, "state": "Selangor", "maps_url": "https://goo.gl/maps/57v1hCYjiF7CJvv36", "fetched_at": "2025-11-02T09:31:13.287930", "source": "zuscoffee.com"}
{"name": "MAIN PLACE", "location_category": "Kuala Lumpur/Selangor", "address": "GF-20, Main Place Mall, USJ 21, 47640 Subang Jaya, Selangor.", "postal_code": "47640", "city": "Subang Jaya", "state": "Selangor", "maps_url": "https://goo.gl/maps/LLSeca18BMWBuMTYA", "fetched_at": "2025-11-02T09:31:13.288024", "source": "zuscoffee.com"}
{"name": "ZUS BUKIT TINGGI 2", "location_category": "Kuala Lumpur/Selangor", "address": "No.55, Lorong Batu Nilam 21B, Bandar Bukit Tinggi 2, 41200 Klang Selangor Darul Ehsan.", "postal_code": "41200", "city": "Klang", "state": "Selangor", "maps_url": "https://goo.gl/maps/pcrkN8KNVyHHUr6q7", "fetched_at": "2025-11-02T09:31:13.288129", "source": "zuscoffee.com"}
{"name": "The Mines Shopping Mall", "location_category": "Kuala Lumpur/Selangor", "address": "The Mines Shopping Mall, Level 3-21A, Jalan Dulang, Seri Kembangan, 43300 Selangor. ZUS Coffee \u2013 The Mines Shopping Mall", "postal_code": "43300", "city": null, "state": "Selangor", "maps_url": "https://maps.app.goo.gl/sQUfwMYdT15j6Zj9A", "fetched_at": "2025-11-02T09:31:13.288251", "source": "zuscoffee.com"}
{"name": "IOI RIO CITY", "location_category": "Kuala Lumpur/Selangor", "address": "Lot 11-1, IOI RIO Office Park, 47100 Puchong, Selangor", "postal_code": "47100", "city": "Puchong", "state": "Selangor", "maps_url": "https://goo.gl/maps/noRNa2WrthZToe5e7", "fetched_at": "2025-11-02T09:31:13.288339", "source": "zuscoffee.com"}
{"name": "PUCHONG IOI MALL", "location_category": "Kuala Lumpur/Selangor", "address": "Lot FK-02, First, Jalan Puchong, Bandar Puchong Jaya, 47170 Puchong, Selangor.", "postal_code": "47170", "city": "Puchong", "state": "Selangor", "maps_url": "https://goo.gl/maps/WvTgKuDH2CQ98ihY6", "fetched_at": "2025-11-02T09:31:13.288471", "source": "zuscoffee.com"}
{"name": "BANDAR MENJALARA", "location_category": "Kuala Lumpur/Selangor", "address": "37G, Jalan 3/62A, Bandar Menjalara, 52200 Kuala Lumpur", "postal_code": "52200", "city": "Kuala Lumpur", "state": "Selangor", "maps_url": "https://goo.gl/maps/LcbzA6bhyEGRCUKN9", "fetched_at": "2025-11-02T09:31:13.288575", "source": "zuscoffee.com"}
{"name": "MASJID JAMEK", "location_category": "Kuala Lumpur/Selangor", "address": "No. 45-1 & 45-2, Ground Floor, Leboh Ampang, Kuala Lumpur City Centre, 50100 Kuala Lumpur", "postal_code": "50100", "city": "Kuala Lumpur", "state": "Selangor", "maps_url": "https://goo.gl/maps/amJyLZ5Kwx2k3VGe6", "fetched_at": "2025-11-02T09:31:17.960092", "source": "zuscoffee.com"}
{"name": "BANDAR SRI PERMAISURI", "location_category": "Kuala Lumpur/Selangor", "address": "11G, Jalan Dwitasik 1, Bandar Sri Permaisuri, 56000 Kuala Lumpur", "postal_code": "56000", "city": "Kuala Lumpur", "state": "Selangor", "maps_url": "https://goo.gl/maps/AEAGzQnW8btggXtx5", "fetched_at": "2025-11-02T09:31:17.960245", "source": "zuscoffee.com"}
{"name": "PAVILION BUKIT JALIL", "location_category": "Kuala Lumpur/Selangor", "address": "Lot P.1.05.00 Pavilion Bukit Jalil, Persiaran Jalil Utama, Bukit Jalil, 57000 Kuala Lumpur", "postal_code": "57000", "city": "Kuala Lumpur", "state": "Selangor", "maps_url": "https://goo.gl/maps/fDyasTvhs3JmQbzeA", "fetched_at": "2025-11-02T09:31:17.960380", "source": "zuscoffee.com"}
{"name": "MYTOWN CHERAS", "location_category": "Kuala Lumpur/Selangor", "address": "Mytown Shopping Mall, LOT G-K-015 & 016, Ground Floor, No.6, Jalan Cochrane, Seksyen 90, 55100 Kuala Lumpur", "postal_code": "55100", "city": "Kuala Lumpur", "state": "Selangor", "maps_url": "https://goo.gl/maps/Wnsi5P8APXzrSVsf7", "fetched_at": "2025-11-02T09:31:17.960496", "source": "zuscoffee.com"}
{"name": "Taman Bendahara, Kuala Selangor", "location_category": "Kuala Lumpur/Selangor", "address": "No. 2, Jalan Bendahara 1/2A. Taman Bendahara 45000 Kuala Selangor.", "postal_code": "45000", "city": null, "state": "Selangor", "maps_url": "https://maps.app.goo.gl/vVfbshkjfPtGWHUd8", "fetched_at": "2025-11-02T09:31:17.960621", "source": "zuscoffee.com"}
{"name": "MID VALLEY MEGAMALL", "location_category": "Kuala Lumpur/Selangor", "address": "SK-10, Second Floor, Mid Valley Megamall, Lingkaran Syed Putra, Midvalley City, 59200 Kuala Lumpur", "postal_code": "59200", "city": "Kuala Lumpur", "state": "Selangor", "maps_url": "https://goo.gl/maps/g4FugRDNNbutEqCEA", "fetched_at": "2025-11-02T09:31:17.960758", "source": "zuscoffee.com"}
{"name": "Fortune Centra, Kepong", "location_category": "Kuala Lumpur/Selangor", "address": "G-16, Fortune Centra, 2, Jalan Metro Perdana Timur 6, Taman Usahawan Kepong, 52100 Kuala Lumpur", "postal_code": "52100", "city": "Kuala Lumpur", "state": "Selangor", "maps_url": "https://maps.app.goo.gl/kRSQA7sxDiTShDGL6", "fetched_at": "2025-11-02T09:31:17.960890", "source": "zuscoffee.com"}
{"name": "FOUND8 KL SENTRAL", "location_category": "Kuala Lumpur/Selangor", "address": "5, Jalan Stesen Sentral, East Wing, Level 3 Kuala Lumpur Sentral 50470 Kuala Lumpur", "postal_code": "50470", "city": "Kuala Lumpur", "state": "Selangor", "maps_url": "https://goo.gl/maps/hXSR5K3Ae2L8t3o56", "fetched_at": "2025-11-02T09:31:17.960999", "source": "zuscoffee.com"}
{"name": "PUBLIKA", "location_category": "Kuala Lumpur/Selangor", "address": "Lot K1, G3, Publika Shopping Gallery, No. 1, Jalan Dutamas 1, Solaris Dutamas, 50480 Kuala Lumpur", "postal_code": "50480", "city": "Kuala Lumpur", "state": "Selangor", "maps_url": "https://goo.gl/maps/er2Frnbt1EsDipdG6", "fetched_at": "2025-11-02T09:31:17.961098", "source": "zuscoffee.com"}
{"name": "PLAZA DAMAS", "location_category": "Kuala Lumpur/Selangor", "address": "60, Jalan Sri Hartamas 1, Taman Sri Hartamas, 50480 Kuala Lumpur, Wilayah Persekutuan Kuala Lumpur", "postal_code": "50480", "city": "Kuala Lumpur", "state": "Selangor", "maps_url": "https://goo.gl/maps/758BwxAPbNza1Smb9", "fetched_at": "2025-11-02T09:31:17.961200", "source": "zuscoffee.com"}
{"name": "SRI PETALING", "location_category": "Kuala Lumpur/Selangor", "address": "Lot 36-J, Jalan Radin Anum, Sri Petaling, 57000 Kuala Lumpur", "postal_code": "57000", "city": "Kuala Lumpur", "state": "Selangor", "maps_url": "https://goo.gl/maps/CRBGyGYj6qpp4Qib6", "fetched_at": "2025-11-02T09:31:17.961310", "source": "zuscoffee.com"}
{"name": "KL EAST MALL", "location_category": "Kuala Lumpur/Selangor", "address": "Lot G2K-03A, KL East Mall, Jalan Lingkaran Tengah 2, Taman Sri Melati, 53100 Kuala Lumpur.", "postal_code": "53100", "city": "Kuala Lumpur", "state": "Selangor", "maps_url": "https://goo.gl/maps/iaBSM94FxsSZhrWf7", "fetched_at": "2025-11-02T09:31:17.961406", "source": "zuscoffee.com"}
{"name": "DANAU KOTA", "location_category": "Kuala Lumpur/Selangor", "address": "Lot 1-3, Danau Kota Kormesial, No. 1, Jalan 6A/6, Jalan Taman Ibu Kota, Taman Danau Kota, 53300 Kuala Lumpur.", "postal_code": "53300", "city": "Kuala Lumpur", "state": "Selangor", "maps_url": "https://goo.gl/maps/YZt1439jNkhU5RGu8", "fetched_at": "2025-11-02T09:31:21.885802", "source": "zuscoffee.com"}
{"name": "EKOCHERAS MALL", "location_category": "Kuala Lumpur/Selangor", "address": "S-63A, 2nd Floor, EkoCheras Mall, No 693, Batu 5, Jalan Cheras, 56000 Kuala Lumpur.", "postal_code": "56000", "city": "Kuala Lumpur", "state": "Selangor", "maps_url": "https://goo.gl/maps/tKrv7d1MDG1gonAj8", "fetched_at": "2025-11-02T09:31:21.885909", "source": "zuscoffee.com"}
{"name": "BINJAI 8 PREMIUM SOHO", "location_category": "Kuala Lumpur/Selangor", "address": "G04, Pangsapuri Servis (Suite) Binjai 8 No, 2, Lorong Binjai, 50450 Kuala Lumpur.", "postal_code": "50450", "city": "Kuala Lumpur", "state": "Selangor", "maps_url": null, "fetched_at": "2025-11-02T09:31:21.886000", "source": "zuscoffee.com"}
{"name": "The Park Sky Residence, Bukit Jalil", "location_category": "Kuala Lumpur/Selangor", "address": "22, The Park Sky Residence @ Bukit Jalil City, Persiaran Jalil Utama, Bukit Jalil, 57000 Kuala Lumpur.", "postal_code": "57000", "city": "Kuala Lumpur", "state": "Selangor", "maps_url": "https://maps.app.goo.gl/LiYHGJBVCkLptukA9", "fetched_at": "2025-11-02T09:31:21.886109", "source": "zuscoffee.com"}
{"name": "TAMAN DESA", "location_category": "Kuala Lumpur/Selangor", "address": "No 11-0-10, Jalan 4/109F Danau Business Centre, Taman Danau Desa, 58100 Kuala Lumpur.", "postal_code": "58100", "city": "Kuala Lumpur", "state": "Selangor", "maps_url": "https://goo.gl/maps/ep7uUzN6Rwszehee7", "fetched_at": "2025-11-02T09:31:21.886192", "source": "zuscoffee.com"}
{"name": "BINJAI 8 PREMIUM SOHO", "location_category": "Kuala Lumpur/Selangor", "address": "G04, Pangsapuri Servis (Suite) Binjai 8 No, 2, Lorong Binjai, 50450 Kuala Lumpur.", "postal_code": "50450", "city": "Kuala Lumpur", "state": "Selangor", "maps_url": null, "fetched_at": "2025-11-02T09:31:21.886275", "source": "zuscoffee.com"}
